web_scraper_order,web_scraper_start_url,data,data2,data3,data4,data5,data6,data7,data8,data9,data10,data11,data12,image
"1778081829-1","https://cs.uwaterloo.ca/~dtompkin/music/list/Best14.html","","","","","","","TIME","ARTIST","TITLE","#","","DETAILS",""
"1778081829-2","https://cs.uwaterloo.ca/~dtompkin/music/list/Best14.html","Los Del Rio","Macarena [Bayside Boys Mix]","103.2","1996","Dance 1990s","POWERTRK_126-08","3:50","Los Del Rio","Macarena [Bayside Boys Mix]","1","details...","(details...)","https://cs.uwaterloo.ca/~dtompkin/music/play.png"
"1778081829-3","https://cs.uwaterloo.ca/~dtompkin/music/list/Best14.html","Soft Cell","Tainted Love","144.8","1986","Dance 1980s","ESSENTLS_009-07","2:38","Soft Cell","Tainted Love","2","details...","(details...)","https://cs.uwaterloo.ca/~dtompkin/music/play.png"
"1778081829-4","https://cs.uwaterloo.ca/~dtompkin/music/list/Best14.html","Dexy's Midnight Runners","Come on Eileen","108.8","1983","Rock 1980s","POWERTRK_019-07","4:13","Dexy's Midnight Runners","Come on Eileen","3","details...","(details...)","https://cs.uwaterloo.ca/~dtompkin/music/play.png"
"1778081829-5","https://cs.uwaterloo.ca/~dtompkin/music/list/Best14.html","Right Said Fred","I'm Too Sexy","122.1","1991","Dance 1990s","POWERTRK_009-07","2:51","Right Said Fred","I'm Too Sexy","4","details...","(details...)","https://cs.uwaterloo.ca/~dtompkin/music/play.png"
"1778081829-6","https://cs.uwaterloo.ca/~dtompkin/music/list/Best14.html","Toni Basil","Mickey","148.8","1982","Dance 1980s","POWERTRK_058-05","3:27","Toni Basil","Mickey","5","details...","(details...)","https://cs.uwaterloo.ca/~dtompkin/music/play.png"
"1778081829-7","https://cs.uwaterloo.ca/~dtompkin/music/list/Best14.html","Baha Men","Who Let the Dogs Out?","129.3","2000","TBD","HOTSTUFF_018-12","3:17","Baha Men","Who Let the Dogs Out?","6","details...","(details...)","https://cs.uwaterloo.ca/~dtompkin/music/play.png"
"1778081829-8","https://cs.uwaterloo.ca/~dtompkin/music/list/Best14.html","Vanilla Ice","Ice Ice Baby","115.7","1990","R&B 1990s","POWERTRK_084-01","4:30","Vanilla Ice","Ice Ice Baby","7","details...","(details...)","https://cs.uwaterloo.ca/~dtompkin/music/play.png"
"1778081829-9","https://cs.uwaterloo.ca/~dtompkin/music/list/Best14.html","a-ha","Take on Me","84.0","1985","Dance 1980s","POWERTRK_007-01","3:49","a-ha","Take on Me","8","details...","(details...)","https://cs.uwaterloo.ca/~dtompkin/music/play.png"
"1778081829-10","https://cs.uwaterloo.ca/~dtompkin/music/list/Best14.html","Gerardo","Rico Suave","105.9","1991","R&B 1990s","POWERTRK_130-17","4:49","Gerardo","Rico Suave","9","details...","(details...)","https://cs.uwaterloo.ca/~dtompkin/music/play.png"
"1778081829-11","https://cs.uwaterloo.ca/~dtompkin/music/list/Best14.html","Nena","99 Luftballoons","96.1","1984","Rock 1980s","POWERTRK_008-03","3:53","Nena","99 Luftballoons","10","details...","(details...)","https://cs.uwaterloo.ca/~dtompkin/music/play.png"
"1778081829-12","https://cs.uwaterloo.ca/~dtompkin/music/list/Best14.html","Debby Boone","You Light Up My Life","116.3","1977","Slow","POWERTRK_021-03","3:36","Debby Boone","You Light Up My Life","11","details...","(details...)","https://cs.uwaterloo.ca/~dtompkin/music/play.png"
"1778081829-13","https://cs.uwaterloo.ca/~dtompkin/music/list/Best14.html","Sir Mix-A-Lot","Baby Got Back","128.5","1992","R&B 1990s","POWERTRK_062-02","4:21","Sir Mix-A-Lot","Baby Got Back","12","details...","(details...)","https://cs.uwaterloo.ca/~dtompkin/music/play.png"
"1778081829-14","https://cs.uwaterloo.ca/~dtompkin/music/list/Best14.html","Van McCoy","The Hustle","111.6","1975","Disco","DSCOFEVR_01A-13","4:02","Van McCoy","The Hustle","13","details...","(details...)","https://cs.uwaterloo.ca/~dtompkin/music/play.png"
"1778081829-15","https://cs.uwaterloo.ca/~dtompkin/music/list/Best14.html","Deee-Lite","Groove Is in the Heart","121.5","1990","Dance 1990s","POWERTRK_014-12","3:52","Deee-Lite","Groove Is in the Heart","14","details...","(details...)","https://cs.uwaterloo.ca/~dtompkin/music/play.png"
"1778081829-16","https://cs.uwaterloo.ca/~dtompkin/music/list/Best14.html","? & The Mysterians","96 Tears","123.6","1997","TBD","DTRANDOM_003-14","3:01","? & The Mysterians","96 Tears","15","details...","(details...)","https://cs.uwaterloo.ca/~dtompkin/music/play.png"
"1778081829-17","https://cs.uwaterloo.ca/~dtompkin/music/list/Best14.html","Sugarhill Gang","Rapper's Delight","111.8","1980","Dance 1980s","POWERTRK_003-11","6:32","Sugarhill Gang","Rapper's Delight","16","details...","(details...)","https://cs.uwaterloo.ca/~dtompkin/music/play.png"
"1778081829-18","https://cs.uwaterloo.ca/~dtompkin/music/list/Best14.html","Twisted Sister","We're Not Gonna Take It","150.0","1984","Rock 1980s","POWERTRK_039-08","3:39","Twisted Sister","We're Not Gonna Take It","17","details...","(details...)","https://cs.uwaterloo.ca/~dtompkin/music/play.png"
"1778081829-19","https://cs.uwaterloo.ca/~dtompkin/music/list/Best14.html","Sinead O'Connor","Nothing Compares 2 U","120.0","1990","Slow","POWERTRK_015-19","5:08","Sinead O'Connor","Nothing Compares 2 U","18","details...","(details...)","https://cs.uwaterloo.ca/~dtompkin/music/play.png"
"1778081829-20","https://cs.uwaterloo.ca/~dtompkin/music/list/Best14.html","Iron Butterfly","In-A-Gadda-Da-Vida","118.8","1968","Rock 1960s","POWERTRK_043-13","2:53","Iron Butterfly","In-A-Gadda-Da-Vida","19","details...","(details...)","https://cs.uwaterloo.ca/~dtompkin/music/play.png"
"1778081829-21","https://cs.uwaterloo.ca/~dtompkin/music/list/Best14.html","Thomas Dolby","She Blinded Me With Science","129.8","1983","Rock 1980s","POWERTRK_060-07","5:06","Thomas Dolby","She Blinded Me With Science","20","details...","(details...)","https://cs.uwaterloo.ca/~dtompkin/music/play.png"
"1778081829-22","https://cs.uwaterloo.ca/~dtompkin/music/list/Best14.html","Gary Numan","Cars","129.2","1980","Rock 1980s","POWERTRK_065-09","3:36","Gary Numan","Cars","21","details...","(details...)","https://cs.uwaterloo.ca/~dtompkin/music/play.png"
"1778081829-23","https://cs.uwaterloo.ca/~dtompkin/music/list/Best14.html","Wild Cherry","Play That Funky Music","109.7","1976","Disco","POWERTRK_021-17","3:11","Wild Cherry","Play That Funky Music","22","details...","(details...)","https://cs.uwaterloo.ca/~dtompkin/music/play.png"
"1778081829-24","https://cs.uwaterloo.ca/~dtompkin/music/list/Best14.html","K-Ci & JoJo","All My Life","128.0","1997","Slow Dance","HOTTRACK_059-17","5:17","K-Ci & JoJo","All My Life","23","details...","(details...)","https://cs.uwaterloo.ca/~dtompkin/music/play.png"
"1778081829-25","https://cs.uwaterloo.ca/~dtompkin/music/list/Best14.html","Devo","Whip It","157.9","1980","Rock 1980s","POWERTRK_033-09","2:39","Devo","Whip It","24","details...","(details...)","https://cs.uwaterloo.ca/~dtompkin/music/play.png"
"1778081829-26","https://cs.uwaterloo.ca/~dtompkin/music/list/Best14.html","Kajagoogoo","Too Shy","109.8","1983","Dance 1980s","POWERTRK_029-06","3:40","Kajagoogoo","Too Shy","25","details...","(details...)","https://cs.uwaterloo.ca/~dtompkin/music/play.png"
"1778081829-27","https://cs.uwaterloo.ca/~dtompkin/music/list/Best14.html","","","","","","","","Suzi Quatro","Stumblin' In","26","","",""
"1778081829-28","https://cs.uwaterloo.ca/~dtompkin/music/list/Best14.html","M","Pop Muzik","108.4","1979","Disco","POWERTRK_018-03","3:21","M","Pop Muzik","27","details...","(details...)","https://cs.uwaterloo.ca/~dtompkin/music/play.png"
"1778081829-29","https://cs.uwaterloo.ca/~dtompkin/music/list/Best14.html","Rob Base & DJ E-Z Rock","It Takes Two","111.6","1988","R&B 1980s","POWERTRK_059-07","4:59","Rob Base & DJ E-Z Rock","It Takes Two","28","details...","(details...)","https://cs.uwaterloo.ca/~dtompkin/music/play.png"
"1778081829-30","https://cs.uwaterloo.ca/~dtompkin/music/list/Best14.html","Musical Youth","Pass the Dutchie","149.8","1983","Dance 1980s","POWERTRK_096-09","3:23","Musical Youth","Pass the Dutchie","29","details...","(details...)","https://cs.uwaterloo.ca/~dtompkin/music/play.png"
"1778081829-31","https://cs.uwaterloo.ca/~dtompkin/music/list/Best14.html","Terry Jacks","Seasons in the Sun","100.2","1974","Slow","POWERTRK_086-17","3:28","Terry Jacks","Seasons in the Sun","30","details...","(details...)","https://cs.uwaterloo.ca/~dtompkin/music/play.png"
"1778081829-32","https://cs.uwaterloo.ca/~dtompkin/music/list/Best14.html","EMF","Unbelievable","104.1","1991","Rock 1990s","POWERTRK_031-07","3:29","EMF","Unbelievable","31","details...","(details...)","https://cs.uwaterloo.ca/~dtompkin/music/play.png"
"1778081829-33","https://cs.uwaterloo.ca/~dtompkin/music/list/Best14.html","Buster Poindexter","Hot, Hot, Hot","128.3","1987","Reggae","POWERTRK_041-11","4:10","Buster Poindexter","Hot, Hot, Hot","32","details...","(details...)","https://cs.uwaterloo.ca/~dtompkin/music/play.png"
"1778081829-34","https://cs.uwaterloo.ca/~dtompkin/music/list/Best14.html","Cheryl Lynn","Got to Be Real","114.7","1979","Disco","POWERTRK_045-03","3:43","Cheryl Lynn","Got to Be Real","33","details...","(details...)","https://cs.uwaterloo.ca/~dtompkin/music/play.png"
"1778081829-35","https://cs.uwaterloo.ca/~dtompkin/music/list/Best14.html","Starland Vocal Band","Afternoon Delight","146.2","1995","TBD","DTRANDOM_009-20","3:12","Starland Vocal Band","Afternoon Delight","34","details...","(details...)","https://cs.uwaterloo.ca/~dtompkin/music/play.png"
"1778081829-36","https://cs.uwaterloo.ca/~dtompkin/music/list/Best14.html","Meredith Brooks","Bitch","96.4","1997","TBD","POBO1997_003-02","3:58","Meredith Brooks","Bitch","35","details...","(details...)","https://cs.uwaterloo.ca/~dtompkin/music/play.png"
"1778081829-37","https://cs.uwaterloo.ca/~dtompkin/music/list/Best14.html","The Vapors","Turning Japanese","89.7","1980","Rock 1980s","POWERTRK_052-07","3:44","The Vapors","Turning Japanese","36","details...","(details...)","https://cs.uwaterloo.ca/~dtompkin/music/play.png"
"1778081829-38","https://cs.uwaterloo.ca/~dtompkin/music/list/Best14.html","Modern English","I Melt With You","155.7","1984","Rock 1980s","POWERTRK_017-06","3:49","Modern English","I Melt With You","37","details...","(details...)","https://cs.uwaterloo.ca/~dtompkin/music/play.png"
"1778081829-39","https://cs.uwaterloo.ca/~dtompkin/music/list/Best14.html","Billy Paul","Me And Mrs. Jones","101.0","1972","Slow","POWERTRK_083-02","4:47","Billy Paul","Me And Mrs. Jones","38","details...","(details...)","https://cs.uwaterloo.ca/~dtompkin/music/play.png"
"1778081829-40","https://cs.uwaterloo.ca/~dtompkin/music/list/Best14.html","The Verve","Bitter Sweet Symphony","85.5","1997","Fast Rock","HOTTROCK_022-08","4:15","The Verve","Bitter Sweet Symphony","39","details...","(details...)","https://cs.uwaterloo.ca/~dtompkin/music/play.png"
"1778081829-41","https://cs.uwaterloo.ca/~dtompkin/music/list/Best14.html","Big Country","In a Big Country","125.4","1983","Rock 1980s","POWERTRK_141-06","4:43","Big Country","In a Big Country","40","details...","(details...)","https://cs.uwaterloo.ca/~dtompkin/music/play.png"
"1778081829-42","https://cs.uwaterloo.ca/~dtompkin/music/list/Best14.html","Frankie Goes to Hollywood","Relax","115.0","1985","Dance 1980s","POWERTRK_031-03","3:56","Frankie Goes to Hollywood","Relax","41","details...","(details...)","https://cs.uwaterloo.ca/~dtompkin/music/play.png"
"1778081829-43","https://cs.uwaterloo.ca/~dtompkin/music/list/Best14.html","Nick Gilder","Hot Child in the City","110.8","1978","Rock 1970s","POWERTRK_054-07","3:06","Nick Gilder","Hot Child in the City","42","details...","(details...)","https://cs.uwaterloo.ca/~dtompkin/music/play.png"
"1778081829-44","https://cs.uwaterloo.ca/~dtompkin/music/list/Best14.html","The Heights","How Do You Talk to an Angel?","161.9","1992","Slow","POWERTRK_107-11","3:44","The Heights","How Do You Talk to an Angel?","43","details...","(details...)","https://cs.uwaterloo.ca/~dtompkin/music/play.png"
"1778081829-45","https://cs.uwaterloo.ca/~dtompkin/music/list/Best14.html","Falco","Rock Me Amedeus","92.7","1984","Rock 1980s","POWERTRK_134-13","3:10","Falco","Rock Me Amedeus","44","details...","(details...)","https://cs.uwaterloo.ca/~dtompkin/music/play.png"
"1778081829-46","https://cs.uwaterloo.ca/~dtompkin/music/list/Best14.html","The Cardigans","Lovefool","111.7","1996","Alternative","HOTTROCK_012-07","3:13","The Cardigans","Lovefool","45","details...","(details...)","https://cs.uwaterloo.ca/~dtompkin/music/play.png"
"1778081829-47","https://cs.uwaterloo.ca/~dtompkin/music/list/Best14.html","Bobby McFerrin","Don't Worry Be Happy","137.9","1988","Rock 1980s","POWERTRK_005-10","4:50","Bobby McFerrin","Don't Worry Be Happy","46","details...","(details...)","https://cs.uwaterloo.ca/~dtompkin/music/play.png"
"1778081829-48","https://cs.uwaterloo.ca/~dtompkin/music/list/Best14.html","Gary Glitter","Rock And Roll (Part 2)","130.5","1972","Rock 1970s","POWERTRK_046-11","3:01","Gary Glitter","Rock And Roll (Part 2)","47","details...","(details...)","https://cs.uwaterloo.ca/~dtompkin/music/play.png"
"1778081829-49","https://cs.uwaterloo.ca/~dtompkin/music/list/Best14.html","Spandau Ballet","True","97.4","1983","Slow","POWERTRK_039-09","5:41","Spandau Ballet","True","48","details...","(details...)","https://cs.uwaterloo.ca/~dtompkin/music/play.png"
"1778081829-50","https://cs.uwaterloo.ca/~dtompkin/music/list/Best14.html","Vicki Sue Robinson","Turn the Beat Around","130.9","1976","Disco","POWERTRK_037-12","3:28","Vicki Sue Robinson","Turn the Beat Around","49","details...","(details...)","https://cs.uwaterloo.ca/~dtompkin/music/play.png"
"1778081829-51","https://cs.uwaterloo.ca/~dtompkin/music/list/Best14.html","Divinyls","I Touch Myself","109.5","1990","Rock 1990s","POWERTRK_089-02","3:45","Divinyls","I Touch Myself","50","details...","(details...)","https://cs.uwaterloo.ca/~dtompkin/music/play.png"
"1778081829-52","https://cs.uwaterloo.ca/~dtompkin/music/list/Best14.html","The Proclaimers","I'm Gonna Be (500 Miles)","131.9","1989","Rock 1980s","POWERTRK_007-03","3:36","The Proclaimers","I'm Gonna Be (500 Miles)","51","details...","(details...)","https://cs.uwaterloo.ca/~dtompkin/music/play.png"
"1778081829-53","https://cs.uwaterloo.ca/~dtompkin/music/list/Best14.html","Tom Tom Club","Genius of Love","102.8","1982","Dance 1980s","POWERTRK_137-07","3:30","Tom Tom Club","Genius of Love","52","details...","(details...)","https://cs.uwaterloo.ca/~dtompkin/music/play.png"
"1778081829-54","https://cs.uwaterloo.ca/~dtompkin/music/list/Best14.html","Rockwell","Somebody's Watching Me","124.1","1984","Dance 1980s","POWERTRK_168-01","4:55","Rockwell","Somebody's Watching Me","53","details...","(details...)","https://cs.uwaterloo.ca/~dtompkin/music/play.png"
"1778081829-55","https://cs.uwaterloo.ca/~dtompkin/music/list/Best14.html","","","","","","","","David Naughton","Makin' It","54","","",""
"1778081829-56","https://cs.uwaterloo.ca/~dtompkin/music/list/Best14.html","The Weather Girls","It's Raining Men","136.4","1983","Dance 1980s","POWERTRK_107-18","5:27","The Weather Girls","It's Raining Men","55","details...","(details...)","https://cs.uwaterloo.ca/~dtompkin/music/play.png"
"1778081829-57","https://cs.uwaterloo.ca/~dtompkin/music/list/Best14.html","Minnie Riperton","Lovin' You","108.2","2008","TBD","DTRANDOM_021-19","3:22","Minnie Riperton","Lovin' You","56","details...","(details...)","https://cs.uwaterloo.ca/~dtompkin/music/play.png"
"1778081829-58","https://cs.uwaterloo.ca/~dtompkin/music/list/Best14.html","Brownsville Station","Smokin' in the Boys Room","127.1","1973","Rock 1970s","POWERTRK_084-15","2:56","Brownsville Station","Smokin' in the Boys Room","57","details...","(details...)","https://cs.uwaterloo.ca/~dtompkin/music/play.png"
"1778081829-59","https://cs.uwaterloo.ca/~dtompkin/music/list/Best14.html","Haddaway","What Is Love","123.9","1993","Dance 1990s","POWERTRK_025-03","4:28","Haddaway","What Is Love","58","details...","(details...)","https://cs.uwaterloo.ca/~dtompkin/music/play.png"
"1778081829-60","https://cs.uwaterloo.ca/~dtompkin/music/list/Best14.html","Tommy Tutone","867-5309 - Jenny","138.0","1981","Dance 1980s","POWERTRK_017-09","3:44","Tommy Tutone","867-5309 - Jenny","59","details...","(details...)","https://cs.uwaterloo.ca/~dtompkin/music/play.png"
"1778081829-61","https://cs.uwaterloo.ca/~dtompkin/music/list/Best14.html","Andrea True Connection","More More More","104.3","1975","Disco","BLAMBOOG_001-05","3:02","Andrea True Connection","More More More","60","details...","(details...)","https://cs.uwaterloo.ca/~dtompkin/music/play.png"
"1778081829-62","https://cs.uwaterloo.ca/~dtompkin/music/list/Best14.html","Ratt","Round And Round","126.6","1984","Rock 1980s","POWERTRK_127-03","4:22","Ratt","Round And Round","61","details...","(details...)","https://cs.uwaterloo.ca/~dtompkin/music/play.png"
"1778081829-63","https://cs.uwaterloo.ca/~dtompkin/music/list/Best14.html","Timbuk 3","The Future's So Bright, I Gotta Wear Shades","157.9","1986","Rock 1980s","POWERTRK_128-06","3:20","Timbuk 3","The Future's So Bright, I Gotta Wear Shades","62","details...","(details...)","https://cs.uwaterloo.ca/~dtompkin/music/play.png"
"1778081829-64","https://cs.uwaterloo.ca/~dtompkin/music/list/Best14.html","House of Pain","Jump Around","107.0","1992","R&B 1990s","POWERTRK_024-03","3:38","House of Pain","Jump Around","63","details...","(details...)","https://cs.uwaterloo.ca/~dtompkin/music/play.png"
"1778081829-65","https://cs.uwaterloo.ca/~dtompkin/music/list/Best14.html","New Radicals","You Get What You Give","113.9","1999","TBD","RADIO099_04A-04","4:42","New Radicals","You Get What You Give","64","details...","(details...)","https://cs.uwaterloo.ca/~dtompkin/music/play.png"
"1778081829-66","https://cs.uwaterloo.ca/~dtompkin/music/list/Best14.html","","","","","","","","Mary Jane Girls","In My House","65","","",""
"1778081829-67","https://cs.uwaterloo.ca/~dtompkin/music/list/Best14.html","Lou Bega","Mambo No. 5 (A Little Bit Of...)","87.0","1999","TBD","RADIO099_08B-04","3:41","Lou Bega","Mambo No. 5 (A Little Bit Of...)","66","details...","(details...)","https://cs.uwaterloo.ca/~dtompkin/music/play.png"
"1778081829-68","https://cs.uwaterloo.ca/~dtompkin/music/list/Best14.html","Faith No More","Epic","87.2","1990","Rock 1990s","POWERTRK_102-19","4:51","Faith No More","Epic","67","details...","(details...)","https://cs.uwaterloo.ca/~dtompkin/music/play.png"
"1778081829-69","https://cs.uwaterloo.ca/~dtompkin/music/list/Best14.html","Edwyn Collins","A Girl Like You","127.1","1994","Dance 1990s","ESSENTLS_015-14","3:53","Edwyn Collins","A Girl Like You","68","details...","(details...)","https://cs.uwaterloo.ca/~dtompkin/music/play.png"
"1778081829-70","https://cs.uwaterloo.ca/~dtompkin/music/list/Best14.html","Lipps, Inc.","Funkytown","122.2","1980","Dance 1980s","POWERTRK_056-02","3:59","Lipps, Inc.","Funkytown","69","details...","(details...)","https://cs.uwaterloo.ca/~dtompkin/music/play.png"
"1778081829-71","https://cs.uwaterloo.ca/~dtompkin/music/list/Best14.html","Vicki Lawrence","The Night the Lights Went Out in Georgia","87.2","1973","Country","CNTRYTRK_002-03","3:33","Vicki Lawrence","The Night the Lights Went Out in Georgia","70","details...","(details...)","https://cs.uwaterloo.ca/~dtompkin/music/play.png"
"1778081829-72","https://cs.uwaterloo.ca/~dtompkin/music/list/Best14.html","OMC","How Bizarre","124.9","1997","TBD","POBO1997_004-07","3:43","OMC","How Bizarre","71","details...","(details...)","https://cs.uwaterloo.ca/~dtompkin/music/play.png"
"1778081829-73","https://cs.uwaterloo.ca/~dtompkin/music/list/Best14.html","Michael Sembello","Maniac","156.8","1983","Dance 1980s","POWERTRK_140-05","4:16","Michael Sembello","Maniac","72","details...","(details...)","https://cs.uwaterloo.ca/~dtompkin/music/play.png"
"1778081829-74","https://cs.uwaterloo.ca/~dtompkin/music/list/Best14.html","C.W. McCall","Convoy","112.9","1975","Country","CNTRYTRK_001-11","3:48","C.W. McCall","Convoy","73","details...","(details...)","https://cs.uwaterloo.ca/~dtompkin/music/play.png"
"1778081829-75","https://cs.uwaterloo.ca/~dtompkin/music/list/Best14.html","Digable Planets","Rebirth of Slick (Cool Like Dat)","98.3","1993","Dance 1990s","POWERTRK_115-02","4:22","Digable Planets","Rebirth of Slick (Cool Like Dat)","74","details...","(details...)","https://cs.uwaterloo.ca/~dtompkin/music/play.png"
"1778081829-76","https://cs.uwaterloo.ca/~dtompkin/music/list/Best14.html","","","","","","","","Charlene","I'Ve Never Been to Me","75","","",""
"1778081829-77","https://cs.uwaterloo.ca/~dtompkin/music/list/Best14.html","Jermaine Stewart","We Don't Have to Take Our Clothes Off","123.1","1986","Dance 1980s","POWERTRK_073-07","4:51","Jermaine Stewart","We Don't Have to Take Our Clothes Off","76","details...","(details...)","https://cs.uwaterloo.ca/~dtompkin/music/play.png"
"1778081829-78","https://cs.uwaterloo.ca/~dtompkin/music/list/Best14.html","Edie Brickell & New Bohemians","What I Am","89.0","1986","Rock 1980s","POWERTRK_157-12","4:53","Edie Brickell & New Bohemians","What I Am","77","details...","(details...)","https://cs.uwaterloo.ca/~dtompkin/music/play.png"
"1778081829-79","https://cs.uwaterloo.ca/~dtompkin/music/list/Best14.html","Crash Test Dummies","Mmm Mmm Mmm Mmm","92.9","1993","Slow","POWERTRK_135-14","3:52","Crash Test Dummies","Mmm Mmm Mmm Mmm","78","details...","(details...)","https://cs.uwaterloo.ca/~dtompkin/music/play.png"
"1778081829-80","https://cs.uwaterloo.ca/~dtompkin/music/list/Best14.html","Taco","Puttin' on the Ritz","98.7","1983","Dance 1980s","POWERTRK_060-06","4:37","Taco","Puttin' on the Ritz","79","details...","(details...)","https://cs.uwaterloo.ca/~dtompkin/music/play.png"
"1778081829-81","https://cs.uwaterloo.ca/~dtompkin/music/list/Best14.html","Quiet Riot","Cum on Feel the Noize","145.5","1983","Rock 1980s","POWERTRK_053-14","4:50","Quiet Riot","Cum on Feel the Noize","80","details...","(details...)","https://cs.uwaterloo.ca/~dtompkin/music/play.png"
"1778081829-82","https://cs.uwaterloo.ca/~dtompkin/music/list/Best14.html","Biz Markie","Just a Friend","85.4","1997","Dance 1990s","RTHMMETH_002-14","4:03","Biz Markie","Just a Friend","81","details...","(details...)","https://cs.uwaterloo.ca/~dtompkin/music/play.png"
"1778081829-83","https://cs.uwaterloo.ca/~dtompkin/music/list/Best14.html","The Waitresses","I Know What Boys Like","103.3","1982","Rock 1980s","POWERTRK_156-08","3:13","The Waitresses","I Know What Boys Like","82","details...","(details...)","https://cs.uwaterloo.ca/~dtompkin/music/play.png"
"1778081829-84","https://cs.uwaterloo.ca/~dtompkin/music/list/Best14.html","Men Without Hats","Safety Dance","101.4","1983","Rock 1980s","POWERTRK_002-09","4:33","Men Without Hats","Safety Dance","83","details...","(details...)","https://cs.uwaterloo.ca/~dtompkin/music/play.png"
"1778081829-85","https://cs.uwaterloo.ca/~dtompkin/music/list/Best14.html","Des'ree","You Gotta Be","94.1","1995","Dance 1990s","POWERTRK_118-11","4:06","Des'ree","You Gotta Be","84","details...","(details...)","https://cs.uwaterloo.ca/~dtompkin/music/play.png"
"1778081829-86","https://cs.uwaterloo.ca/~dtompkin/music/list/Best14.html","Norman Greenbaum","Spirit in the Sky","128.4","1969","TBD","DTRANDOM_006-08","4:01","Norman Greenbaum","Spirit in the Sky","85","details...","(details...)","https://cs.uwaterloo.ca/~dtompkin/music/play.png"
"1778081829-87","https://cs.uwaterloo.ca/~dtompkin/music/list/Best14.html","Young MC","Bust a Move","117.5","1989","R&B 1980s","POWERTRK_053-06","4:24","Young MC","Bust a Move","86","details...","(details...)","https://cs.uwaterloo.ca/~dtompkin/music/play.png"
"1778081829-88","https://cs.uwaterloo.ca/~dtompkin/music/list/Best14.html","Thelma Houston","Don't Leave Me This Way","121.8","1976","Dance 1970s","POWERTRK_167-07","3:37","Thelma Houston","Don't Leave Me This Way","87","details...","(details...)","https://cs.uwaterloo.ca/~dtompkin/music/play.png"
"1778081829-89","https://cs.uwaterloo.ca/~dtompkin/music/list/Best14.html","Aqua","Barbie Girl","130.0","1997","Dance 1990s","ESSENTLS_013-01","3:13","Aqua","Barbie Girl","88","details...","(details...)","https://cs.uwaterloo.ca/~dtompkin/music/play.png"
"1778081829-90","https://cs.uwaterloo.ca/~dtompkin/music/list/Best14.html","Billy Ray Cyrus","Achy Breaky Heart","121.8","1992","Country","POWERTRK_056-16","3:23","Billy Ray Cyrus","Achy Breaky Heart","89","details...","(details...)","https://cs.uwaterloo.ca/~dtompkin/music/play.png"
"1778081829-91","https://cs.uwaterloo.ca/~dtompkin/music/list/Best14.html","Jane Child","Don't Wanna Fall in Love","111.6","1990","Dance 1990s","POWERTRK_151-04","3:55","Jane Child","Don't Wanna Fall in Love","90","details...","(details...)","https://cs.uwaterloo.ca/~dtompkin/music/play.png"
"1778081829-92","https://cs.uwaterloo.ca/~dtompkin/music/list/Best14.html","Eddy Grant","Electric Avenue","121.3","1983","Dance 1980s","POWERTRK_039-02","3:48","Eddy Grant","Electric Avenue","91","details...","(details...)","https://cs.uwaterloo.ca/~dtompkin/music/play.png"
"1778081829-93","https://cs.uwaterloo.ca/~dtompkin/music/list/Best14.html","T'Pau","Heart And Soul","90.2","1987","Dance 1980s","POWERTRK_116-04","4:02","T'Pau","Heart And Soul","92","details...","(details...)","https://cs.uwaterloo.ca/~dtompkin/music/play.png"
"1778081829-94","https://cs.uwaterloo.ca/~dtompkin/music/list/Best14.html","David Soul","Don't Give Up on Us","99.9","1993","TBD","DTRANDOM_024-03","3:37","David Soul","Don't Give Up on Us","93","details...","(details...)","https://cs.uwaterloo.ca/~dtompkin/music/play.png"
"1778081829-95","https://cs.uwaterloo.ca/~dtompkin/music/list/Best14.html","4 Non Blondes","What's Up","135.0","1992","Rock 1990s","POWERTRK_048-09","4:55","4 Non Blondes","What's Up","94","details...","(details...)","https://cs.uwaterloo.ca/~dtompkin/music/play.png"
"1778081829-96","https://cs.uwaterloo.ca/~dtompkin/music/list/Best14.html","Jeannie C. Riley","Harper Valley Pta","122.2","1999","TBD","DTRANDOM_009-17","3:13","Jeannie C. Riley","Harper Valley Pta","95","details...","(details...)","https://cs.uwaterloo.ca/~dtompkin/music/play.png"
"1778081829-97","https://cs.uwaterloo.ca/~dtompkin/music/list/Best14.html","Bow Wow Wow","I Want Candy","109.3","1982","Rock 1980s","POWERTRK_004-01","2:45","Bow Wow Wow","I Want Candy","96","details...","(details...)","https://cs.uwaterloo.ca/~dtompkin/music/play.png"
"1778081829-98","https://cs.uwaterloo.ca/~dtompkin/music/list/Best14.html","Tag Team","Whoomp! (There It Is)","129.4","1993","R&B 1990s","POWERTRK_010-05","4:31","Tag Team","Whoomp! (There It Is)","97","details...","(details...)","https://cs.uwaterloo.ca/~dtompkin/music/play.png"
"1778081829-99","https://cs.uwaterloo.ca/~dtompkin/music/list/Best14.html","Stacey Q","Two of Hearts","130.3","1986","Dance 1980s","POWERTRK_024-15","4:01","Stacey Q","Two of Hearts","98","details...","(details...)","https://cs.uwaterloo.ca/~dtompkin/music/play.png"
"1778081829-100","https://cs.uwaterloo.ca/~dtompkin/music/list/Best14.html","Blind Melon","No Rain","118.2","1993","Rock 1990s","POWERTRK_049-02","3:36","Blind Melon","No Rain","99","details...","(details...)","https://cs.uwaterloo.ca/~dtompkin/music/play.png"
"1778081829-101","https://cs.uwaterloo.ca/~dtompkin/music/list/Best14.html","Carl Douglas","Kung Fu Fighting","101.3","1974","Disco","PUREFUNK_001-13","2:56","Carl Douglas","Kung Fu Fighting","100","details...","(details...)","https://cs.uwaterloo.ca/~dtompkin/music/play.png"
