web_scraper_order,web_scraper_start_url,name,name2,data,data2,data3,data4,data5,data6,data7,data8,data9,image
"1778081744-1","https://music.apple.com/eg/playlist/200-of-the-greatest-one-hit-wonders/pl.a61de6c089304cb69ff8682ec2de6592","","","","","","","","","Artist","","",""
"1778081744-2","https://music.apple.com/eg/playlist/200-of-the-greatest-one-hit-wonders/pl.a61de6c089304cb69ff8682ec2de6592","What Is Love (7"" Mix)","","","4:30","Haddaway","The Album","","Haddaway","Haddaway","","PREVIEW","https://music.apple.com/assets/artwork/1x1.gif"
"1778081744-3","https://music.apple.com/eg/playlist/200-of-the-greatest-one-hit-wonders/pl.a61de6c089304cb69ff8682ec2de6592","Teenage Dirtbag","","","4:01","Wheatus","Wheatus","","Wheatus","Wheatus","","PREVIEW","https://music.apple.com/assets/artwork/1x1.gif"
"1778081744-4","https://music.apple.com/eg/playlist/200-of-the-greatest-one-hit-wonders/pl.a61de6c089304cb69ff8682ec2de6592","Call Me Maybe","","","3:13","Carly Rae Jepsen","Kiss (Deluxe Version)","","Carly Rae Jepsen","Carly Rae Jepsen","","PREVIEW","https://music.apple.com/assets/artwork/1x1.gif"
"1778081744-5","https://music.apple.com/eg/playlist/200-of-the-greatest-one-hit-wonders/pl.a61de6c089304cb69ff8682ec2de6592","Return of the Mack","","","3:33","Mark Morrison","Return of the Mack","","Mark Morrison","Mark Morrison","","PREVIEW","https://music.apple.com/assets/artwork/1x1.gif"
"1778081744-6","https://music.apple.com/eg/playlist/200-of-the-greatest-one-hit-wonders/pl.a61de6c089304cb69ff8682ec2de6592","Take On Me (2015 Remastered Version)","","","3:48","a-ha","Hunting High & Low (Remastered)","","a-ha","a-ha","","PREVIEW","https://music.apple.com/assets/artwork/1x1.gif"
"1778081744-7","https://music.apple.com/eg/playlist/200-of-the-greatest-one-hit-wonders/pl.a61de6c089304cb69ff8682ec2de6592","Save Tonight","","","3:55","Eagle-Eye Cherry","Grillen 2025","","Eagle-Eye Cherry","Eagle-Eye Cherry","","PREVIEW","https://music.apple.com/assets/artwork/1x1.gif"
"1778081744-8","https://music.apple.com/eg/playlist/200-of-the-greatest-one-hit-wonders/pl.a61de6c089304cb69ff8682ec2de6592","Pumped Up Kicks","","","3:59","Foster the People","Torches","","Foster the People","Foster the People","","PREVIEW","https://music.apple.com/assets/artwork/1x1.gif"
"1778081744-9","https://music.apple.com/eg/playlist/200-of-the-greatest-one-hit-wonders/pl.a61de6c089304cb69ff8682ec2de6592","Pony","","","5:20","Ginuwine","Greatest Hits","","Ginuwine","Ginuwine","","PREVIEW","https://music.apple.com/assets/artwork/1x1.gif"
"1778081744-10","https://music.apple.com/eg/playlist/200-of-the-greatest-one-hit-wonders/pl.a61de6c089304cb69ff8682ec2de6592","My Sharona","","","4:55","The Knack","Get the Knack","","The Knack","The Knack","","PREVIEW","https://music.apple.com/assets/artwork/1x1.gif"
"1778081744-11","https://music.apple.com/eg/playlist/200-of-the-greatest-one-hit-wonders/pl.a61de6c089304cb69ff8682ec2de6592","No Rain","","","3:37","Blind Melon","Blind Melon","","Blind Melon","Blind Melon","","PREVIEW","https://music.apple.com/assets/artwork/1x1.gif"
"1778081744-12","https://music.apple.com/eg/playlist/200-of-the-greatest-one-hit-wonders/pl.a61de6c089304cb69ff8682ec2de6592","I'll Be There for You (Theme from Friends)","","","3:08","The Rembrandts","The Rembrandts: L.P.","","The Rembrandts","The Rembrandts","","PREVIEW","https://music.apple.com/assets/artwork/1x1.gif"
"1778081744-13","https://music.apple.com/eg/playlist/200-of-the-greatest-one-hit-wonders/pl.a61de6c089304cb69ff8682ec2de6592","Crazy","","","2:57","Gnarls Barkley","St. Elsewhere","","Gnarls Barkley","Gnarls Barkley","","PREVIEW","https://music.apple.com/assets/artwork/1x1.gif"
"1778081744-14","https://music.apple.com/eg/playlist/200-of-the-greatest-one-hit-wonders/pl.a61de6c089304cb69ff8682ec2de6592","Feel It Still","","","2:43","Portugal. The Man","Woodstock","","Portugal. The Man","Portugal. The Man","","PREVIEW","https://music.apple.com/assets/artwork/1x1.gif"
"1778081744-15","https://music.apple.com/eg/playlist/200-of-the-greatest-one-hit-wonders/pl.a61de6c089304cb69ff8682ec2de6592","Lady (Hear Me Tonight)","","","5:07","Modjo","Modjo (Remastered)","","Modjo","Modjo","","PREVIEW","https://music.apple.com/assets/artwork/1x1.gif"
"1778081744-16","https://music.apple.com/eg/playlist/200-of-the-greatest-one-hit-wonders/pl.a61de6c089304cb69ff8682ec2de6592","","Baby Got Back","Sir Mix-A-Lot","4:22","Sir Mix-A-Lot","Mack Daddy","","","Sir Mix-A-Lot","","PREVIEW","https://music.apple.com/assets/artwork/1x1.gif"
"1778081744-17","https://music.apple.com/eg/playlist/200-of-the-greatest-one-hit-wonders/pl.a61de6c089304cb69ff8682ec2de6592","Tainted Love","","","2:33","Soft Cell","Non-Stop Erotic Cabaret (Bonus Tracks Edition) [1996 Remaster]","","Soft Cell","Soft Cell","","PREVIEW","https://music.apple.com/assets/artwork/1x1.gif"
"1778081744-18","https://music.apple.com/eg/playlist/200-of-the-greatest-one-hit-wonders/pl.a61de6c089304cb69ff8682ec2de6592","What's Up?","","","4:55","4 Non Blondes","Bigger, Better, Faster, More!","","4 Non Blondes","4 Non Blondes","","PREVIEW","https://music.apple.com/assets/artwork/1x1.gif"
"1778081744-19","https://music.apple.com/eg/playlist/200-of-the-greatest-one-hit-wonders/pl.a61de6c089304cb69ff8682ec2de6592","Freestyler","","","5:06","Bomfunk MC's","In Stereo","","Bomfunk MC's","Bomfunk MC's","","PREVIEW","https://music.apple.com/assets/artwork/1x1.gif"
"1778081744-20","https://music.apple.com/eg/playlist/200-of-the-greatest-one-hit-wonders/pl.a61de6c089304cb69ff8682ec2de6592","Black & Gold","","","4:34","Sam Sparro","Black & Gold - Single","","Sam Sparro","Sam Sparro","","PREVIEW","https://music.apple.com/assets/artwork/1x1.gif"
"1778081744-21","https://music.apple.com/eg/playlist/200-of-the-greatest-one-hit-wonders/pl.a61de6c089304cb69ff8682ec2de6592","Let Her Go","","","4:12","Passenger","All the Little Lights (Deluxe Version)","","Passenger","Passenger","","PREVIEW","https://music.apple.com/assets/artwork/1x1.gif"
"1778081744-22","https://music.apple.com/eg/playlist/200-of-the-greatest-one-hit-wonders/pl.a61de6c089304cb69ff8682ec2de6592","Steal My Sunshine","","","3:31","LEN","Steal My Sunshine - Single","","LEN","LEN","","PREVIEW","https://music.apple.com/assets/artwork/1x1.gif"
"1778081744-23","https://music.apple.com/eg/playlist/200-of-the-greatest-one-hit-wonders/pl.a61de6c089304cb69ff8682ec2de6592","Ice Ice Baby","","","4:31","Vanilla Ice","To the Extreme","","Vanilla Ice","Vanilla Ice","","PREVIEW","https://music.apple.com/assets/artwork/1x1.gif"
"1778081744-24","https://music.apple.com/eg/playlist/200-of-the-greatest-one-hit-wonders/pl.a61de6c089304cb69ff8682ec2de6592","Jessie's Girl (Orchestral Version)","","","3:14","Rick Springfield","Jessie's Girl","","Rick Springfield","Rick Springfield","","PREVIEW","https://music.apple.com/assets/artwork/1x1.gif"
"1778081744-25","https://music.apple.com/eg/playlist/200-of-the-greatest-one-hit-wonders/pl.a61de6c089304cb69ff8682ec2de6592","No Diggity (feat. Dr. Dre & Queen Pen)","","","5:04","Blackstreet","Another Level","","Blackstreet","Blackstreet","","PREVIEW","https://music.apple.com/assets/artwork/1x1.gif"
"1778081744-26","https://music.apple.com/eg/playlist/200-of-the-greatest-one-hit-wonders/pl.a61de6c089304cb69ff8682ec2de6592","Dancing In the Moonlight (2001 Remix)","","","3:52","Toploader","A Walk to Remember (Music from the Motion Picture)","","Toploader","Toploader","","PREVIEW","https://music.apple.com/assets/artwork/1x1.gif"
"1778081744-27","https://music.apple.com/eg/playlist/200-of-the-greatest-one-hit-wonders/pl.a61de6c089304cb69ff8682ec2de6592","Hey There Delilah","","","3:52","Plain White T's","All That We Needed","","Plain White T's","Plain White T's","","PREVIEW","https://music.apple.com/assets/artwork/1x1.gif"
"1778081744-28","https://music.apple.com/eg/playlist/200-of-the-greatest-one-hit-wonders/pl.a61de6c089304cb69ff8682ec2de6592","Like a G6 (feat. The Cataracs & Dev)","","","3:36","The Cataracs","Free Wired","Far East Movement","The Cataracs, Far East Movement, Dev","The Cataracs, Far East Movement, Dev","Far East Movement","PREVIEW","https://music.apple.com/assets/artwork/1x1.gif"
"1778081744-29","https://music.apple.com/eg/playlist/200-of-the-greatest-one-hit-wonders/pl.a61de6c089304cb69ff8682ec2de6592","Smooth Criminal","","","3:29","Alien Ant Farm","ANThology","","Alien Ant Farm","Alien Ant Farm","","PREVIEW","https://music.apple.com/assets/artwork/1x1.gif"
"1778081744-30","https://music.apple.com/eg/playlist/200-of-the-greatest-one-hit-wonders/pl.a61de6c089304cb69ff8682ec2de6592","Hold On","","","4:26","Wilson Phillips","Wilson Phillips","","Wilson Phillips","Wilson Phillips","","PREVIEW","https://music.apple.com/assets/artwork/1x1.gif"
"1778081744-31","https://music.apple.com/eg/playlist/200-of-the-greatest-one-hit-wonders/pl.a61de6c089304cb69ff8682ec2de6592","Mickey","","","4:13","Toni Basil","Mickey - Single","","Toni Basil","Toni Basil","","PREVIEW","https://music.apple.com/assets/artwork/1x1.gif"
"1778081744-32","https://music.apple.com/eg/playlist/200-of-the-greatest-one-hit-wonders/pl.a61de6c089304cb69ff8682ec2de6592","Tubthumping","","","3:54","Chumbawamba","Massive Hits!: Alternative","","Chumbawamba","Chumbawamba","","PREVIEW","https://music.apple.com/assets/artwork/1x1.gif"
"1778081744-33","https://music.apple.com/eg/playlist/200-of-the-greatest-one-hit-wonders/pl.a61de6c089304cb69ff8682ec2de6592","Blue (Da Ba Dee) [Gabry Ponte Video Edit]","","","3:39","Eiffel 65","Blue (Da Ba Dee) - Single","","Eiffel 65","Eiffel 65","","PREVIEW","https://music.apple.com/assets/artwork/1x1.gif"
"1778081744-34","https://music.apple.com/eg/playlist/200-of-the-greatest-one-hit-wonders/pl.a61de6c089304cb69ff8682ec2de6592","","Be Faithful (feat. The Crooklyn Clan)","Fatman Scoop","3:34","Fatman Scoop","Fatman Scoop's ""Hottest Featured Artist Recordings""","","","Fatman Scoop","","PREVIEW","https://music.apple.com/assets/artwork/1x1.gif"
"1778081744-35","https://music.apple.com/eg/playlist/200-of-the-greatest-one-hit-wonders/pl.a61de6c089304cb69ff8682ec2de6592","","I Love It (feat. Charli XCX)","Icona Pop","2:37","Icona Pop","Iconic","","","Icona Pop","","PREVIEW","https://music.apple.com/assets/artwork/1x1.gif"
"1778081744-36","https://music.apple.com/eg/playlist/200-of-the-greatest-one-hit-wonders/pl.a61de6c089304cb69ff8682ec2de6592","Four To the Floor (Thin White Duke Mix) [Short Version]","","","4:40","Starsailor","Four To the Floor - Single","","Starsailor","Starsailor","","PREVIEW","https://music.apple.com/assets/artwork/1x1.gif"
"1778081744-37","https://music.apple.com/eg/playlist/200-of-the-greatest-one-hit-wonders/pl.a61de6c089304cb69ff8682ec2de6592","How Bizarre","","","3:45","OMC","How Bizarre (Deluxe Version)","","OMC","OMC","","PREVIEW","https://music.apple.com/assets/artwork/1x1.gif"
"1778081744-38","https://music.apple.com/eg/playlist/200-of-the-greatest-one-hit-wonders/pl.a61de6c089304cb69ff8682ec2de6592","Run To Paradise","","","4:08","Choirboys","Big Bad Noise","","Choirboys","Choirboys","","PREVIEW","https://music.apple.com/assets/artwork/1x1.gif"
"1778081744-39","https://music.apple.com/eg/playlist/200-of-the-greatest-one-hit-wonders/pl.a61de6c089304cb69ff8682ec2de6592","Walking On Sunshine","","","3:58","Katrina and the Waves","Katrina and the Waves","","Katrina and the Waves","Katrina and the Waves","","PREVIEW","https://music.apple.com/assets/artwork/1x1.gif"
"1778081744-40","https://music.apple.com/eg/playlist/200-of-the-greatest-one-hit-wonders/pl.a61de6c089304cb69ff8682ec2de6592","","Jump Around (30 Years Remaster)","House of Pain","3:38","House of Pain","House of Pain (Fine Malt Lyrics) [30 Years] [Deluxe Edition]","","","House of Pain","","PREVIEW","https://music.apple.com/assets/artwork/1x1.gif"
"1778081744-41","https://music.apple.com/eg/playlist/200-of-the-greatest-one-hit-wonders/pl.a61de6c089304cb69ff8682ec2de6592","Addicted to Bass","","","3:55","Puretone","Stuck in a Groove","","Puretone","Puretone","","PREVIEW","https://music.apple.com/assets/artwork/1x1.gif"
"1778081744-42","https://music.apple.com/eg/playlist/200-of-the-greatest-one-hit-wonders/pl.a61de6c089304cb69ff8682ec2de6592","","All The Things She Said","t.A.T.u.","3:34","t.A.T.u.","200 KM/H In The Wrong Lane (10th Anniversary Edition)","","","t.A.T.u.","","PREVIEW","https://music.apple.com/assets/artwork/1x1.gif"
"1778081744-43","https://music.apple.com/eg/playlist/200-of-the-greatest-one-hit-wonders/pl.a61de6c089304cb69ff8682ec2de6592","Gangnam Style","","","3:39","PSY","Gangnam Style - Single","","PSY","PSY","","PREVIEW","https://music.apple.com/assets/artwork/1x1.gif"
"1778081744-44","https://music.apple.com/eg/playlist/200-of-the-greatest-one-hit-wonders/pl.a61de6c089304cb69ff8682ec2de6592","The Middle","","","2:48","Jimmy Eat World","Bleed American (Deluxe Edition)","","Jimmy Eat World","Jimmy Eat World","","PREVIEW","https://music.apple.com/assets/artwork/1x1.gif"
"1778081744-45","https://music.apple.com/eg/playlist/200-of-the-greatest-one-hit-wonders/pl.a61de6c089304cb69ff8682ec2de6592","Mambo No. 5 (a Little Bit of...)","","","3:40","Lou Bega","A Little Bit of Mambo","","Lou Bega","Lou Bega","","PREVIEW","https://music.apple.com/assets/artwork/1x1.gif"
"1778081744-46","https://music.apple.com/eg/playlist/200-of-the-greatest-one-hit-wonders/pl.a61de6c089304cb69ff8682ec2de6592","Slice of Heaven","","","4:38","Dave Dobbyn","Footrot Flats - The Dog's Tale","Herbs","Dave Dobbyn, Herbs","Dave Dobbyn, Herbs","Herbs","PREVIEW","https://music.apple.com/assets/artwork/1x1.gif"
"1778081744-47","https://music.apple.com/eg/playlist/200-of-the-greatest-one-hit-wonders/pl.a61de6c089304cb69ff8682ec2de6592","Video Killed the Radio Star","","","4:12","The Buggles","The Age of Plastic","","The Buggles","The Buggles","","PREVIEW","https://music.apple.com/assets/artwork/1x1.gif"
"1778081744-48","https://music.apple.com/eg/playlist/200-of-the-greatest-one-hit-wonders/pl.a61de6c089304cb69ff8682ec2de6592","Bust A Move","","","4:23","Young MC","Poker Night","","Young MC","Young MC","","PREVIEW","https://music.apple.com/assets/artwork/1x1.gif"
"1778081744-49","https://music.apple.com/eg/playlist/200-of-the-greatest-one-hit-wonders/pl.a61de6c089304cb69ff8682ec2de6592","Shimmer","","","3:34","Fuel","Sunburn","","Fuel","Fuel","","PREVIEW","https://music.apple.com/assets/artwork/1x1.gif"
"1778081744-50","https://music.apple.com/eg/playlist/200-of-the-greatest-one-hit-wonders/pl.a61de6c089304cb69ff8682ec2de6592","Shake It","","","2:59","Metro Station","Shake It - Single","","Metro Station","Metro Station","","PREVIEW","https://music.apple.com/assets/artwork/1x1.gif"
"1778081744-51","https://music.apple.com/eg/playlist/200-of-the-greatest-one-hit-wonders/pl.a61de6c089304cb69ff8682ec2de6592","Shooting Stars","","","3:55","Bag Raiders","Bag Raiders (Bonus Track Version)","","Bag Raiders","Bag Raiders","","PREVIEW","https://music.apple.com/assets/artwork/1x1.gif"
"1778081744-52","https://music.apple.com/eg/playlist/200-of-the-greatest-one-hit-wonders/pl.a61de6c089304cb69ff8682ec2de6592","","Unbelievable","EMF","3:29","EMF","Schubert Dip","","","EMF","","PREVIEW","https://music.apple.com/assets/artwork/1x1.gif"
"1778081744-53","https://music.apple.com/eg/playlist/200-of-the-greatest-one-hit-wonders/pl.a61de6c089304cb69ff8682ec2de6592","Eye of the Tiger","","","4:03","Survivor","Eye of the Tiger","","Survivor","Survivor","","PREVIEW","https://music.apple.com/assets/artwork/1x1.gif"
"1778081744-54","https://music.apple.com/eg/playlist/200-of-the-greatest-one-hit-wonders/pl.a61de6c089304cb69ff8682ec2de6592","Groove Is In the Heart","","","3:51","Deee-Lite","World Clique","","Deee-Lite","Deee-Lite","","PREVIEW","https://music.apple.com/assets/artwork/1x1.gif"
"1778081744-55","https://music.apple.com/eg/playlist/200-of-the-greatest-one-hit-wonders/pl.a61de6c089304cb69ff8682ec2de6592","(Lover) You Don't Treat Me No Good","","","4:07","Sonia Dada","Sonia Dada","","Sonia Dada","Sonia Dada","","PREVIEW","https://music.apple.com/assets/artwork/1x1.gif"
"1778081744-56","https://music.apple.com/eg/playlist/200-of-the-greatest-one-hit-wonders/pl.a61de6c089304cb69ff8682ec2de6592","Push Up","","","4:39","Freestylers","Raw As F**k","","Freestylers","Freestylers","","PREVIEW","https://music.apple.com/assets/artwork/1x1.gif"
"1778081744-57","https://music.apple.com/eg/playlist/200-of-the-greatest-one-hit-wonders/pl.a61de6c089304cb69ff8682ec2de6592","","American Boy (feat. Kanye West)","Estelle","4:44","Estelle","Shine","","","Estelle","","PREVIEW","https://music.apple.com/assets/artwork/1x1.gif"
"1778081744-58","https://music.apple.com/eg/playlist/200-of-the-greatest-one-hit-wonders/pl.a61de6c089304cb69ff8682ec2de6592","Shut Up and Dance","","","3:19","WALK THE MOON","TALKING IS HARD","","WALK THE MOON","WALK THE MOON","","PREVIEW","https://music.apple.com/assets/artwork/1x1.gif"
"1778081744-59","https://music.apple.com/eg/playlist/200-of-the-greatest-one-hit-wonders/pl.a61de6c089304cb69ff8682ec2de6592","I Wish I Was a Punk Rocker (with Flowers in My Hair)","","","2:31","Sandi Thom","Smile... It Confuses People (Deluxe Edition)","","Sandi Thom","Sandi Thom","","PREVIEW","https://music.apple.com/assets/artwork/1x1.gif"
"1778081744-60","https://music.apple.com/eg/playlist/200-of-the-greatest-one-hit-wonders/pl.a61de6c089304cb69ff8682ec2de6592","Here Comes the Hotstepper (Heartical Mix)","","","4:10","Ini Kamoze","Here Comes the Hotstepper","","Ini Kamoze","Ini Kamoze","","PREVIEW","https://music.apple.com/assets/artwork/1x1.gif"
"1778081744-61","https://music.apple.com/eg/playlist/200-of-the-greatest-one-hit-wonders/pl.a61de6c089304cb69ff8682ec2de6592","Life Is a Highway (Remastered)","","","4:26","Tom Cochrane","Mad Mad World (Deluxe)","","Tom Cochrane","Tom Cochrane","","PREVIEW","https://music.apple.com/assets/artwork/1x1.gif"
"1778081744-62","https://music.apple.com/eg/playlist/200-of-the-greatest-one-hit-wonders/pl.a61de6c089304cb69ff8682ec2de6592","Come On Eileen","","","4:33","Dexys Midnight Runners","Too Rye Ay","","Dexys Midnight Runners","Dexys Midnight Runners","","PREVIEW","https://music.apple.com/assets/artwork/1x1.gif"
"1778081744-63","https://music.apple.com/eg/playlist/200-of-the-greatest-one-hit-wonders/pl.a61de6c089304cb69ff8682ec2de6592","","I'm Too Sexy","Right Said Fred","2:50","Right Said Fred","Up (Special Edition)","","","Right Said Fred","","PREVIEW","https://music.apple.com/assets/artwork/1x1.gif"
"1778081744-64","https://music.apple.com/eg/playlist/200-of-the-greatest-one-hit-wonders/pl.a61de6c089304cb69ff8682ec2de6592","(I Just) Died in Your Arms","","","4:40","Cutting Crew","Broadcast","","Cutting Crew","Cutting Crew","","PREVIEW","https://music.apple.com/assets/artwork/1x1.gif"
"1778081744-65","https://music.apple.com/eg/playlist/200-of-the-greatest-one-hit-wonders/pl.a61de6c089304cb69ff8682ec2de6592","Kiss Me","","","3:28","Sixpence None the Richer","Sixpence None the Richer","","Sixpence None the Richer","Sixpence None the Richer","","PREVIEW","https://music.apple.com/assets/artwork/1x1.gif"
"1778081744-66","https://music.apple.com/eg/playlist/200-of-the-greatest-one-hit-wonders/pl.a61de6c089304cb69ff8682ec2de6592","Sandstorm (Radio Edit)","","","3:46","Darude","Sandstorm - Single","","Darude","Darude","","PREVIEW","https://music.apple.com/assets/artwork/1x1.gif"
"1778081744-67","https://music.apple.com/eg/playlist/200-of-the-greatest-one-hit-wonders/pl.a61de6c089304cb69ff8682ec2de6592","Stacy's Mom","","","3:17","Fountains Of Wayne","Welcome Interstate Managers","","Fountains Of Wayne","Fountains Of Wayne","","PREVIEW","https://music.apple.com/assets/artwork/1x1.gif"
"1778081744-68","https://music.apple.com/eg/playlist/200-of-the-greatest-one-hit-wonders/pl.a61de6c089304cb69ff8682ec2de6592","Waves (Robin Schulz Remix Radio Edit)","","","3:28","Mr. Probz","Waves (Robin Schulz Remix Radio Edit) - Single","","Mr. Probz","Mr. Probz","","PREVIEW","https://music.apple.com/assets/artwork/1x1.gif"
"1778081744-69","https://music.apple.com/eg/playlist/200-of-the-greatest-one-hit-wonders/pl.a61de6c089304cb69ff8682ec2de6592","Crank That (Soulja Boy)","","","3:43","Soulja Boy Tell 'Em","iSouljaBoyTellem (Deluxe Version)","","Soulja Boy Tell 'Em","Soulja Boy Tell 'Em","","PREVIEW","https://music.apple.com/assets/artwork/1x1.gif"
"1778081744-70","https://music.apple.com/eg/playlist/200-of-the-greatest-one-hit-wonders/pl.a61de6c089304cb69ff8682ec2de6592","Forever Young","","","3:59","Youth Group","Casino Twilight Dogs","","Youth Group","Youth Group","","PREVIEW","https://music.apple.com/assets/artwork/1x1.gif"
"1778081744-71","https://music.apple.com/eg/playlist/200-of-the-greatest-one-hit-wonders/pl.a61de6c089304cb69ff8682ec2de6592","Cotton Eye Joe","","","3:14","Rednex","Sex & Violins","","Rednex","Rednex","","PREVIEW","https://music.apple.com/assets/artwork/1x1.gif"
"1778081744-72","https://music.apple.com/eg/playlist/200-of-the-greatest-one-hit-wonders/pl.a61de6c089304cb69ff8682ec2de6592","99 Luftballons (Remastered 2024)","","","3:53","Nena","NENA (Remastered & Selected Works)","","Nena","Nena","","PREVIEW","https://music.apple.com/assets/artwork/1x1.gif"
"1778081744-73","https://music.apple.com/eg/playlist/200-of-the-greatest-one-hit-wonders/pl.a61de6c089304cb69ff8682ec2de6592","What I Like About You","","","2:55","The Romantics","The Romantics","","The Romantics","The Romantics","","PREVIEW","https://music.apple.com/assets/artwork/1x1.gif"
"1778081744-74","https://music.apple.com/eg/playlist/200-of-the-greatest-one-hit-wonders/pl.a61de6c089304cb69ff8682ec2de6592","Don't Worry, Be Happy","","","4:54","Bobby McFerrin","Simple Pleasures","","Bobby McFerrin","Bobby McFerrin","","PREVIEW","https://music.apple.com/assets/artwork/1x1.gif"
"1778081744-75","https://music.apple.com/eg/playlist/200-of-the-greatest-one-hit-wonders/pl.a61de6c089304cb69ff8682ec2de6592","Achy Breaky Heart","","","3:23","Billy Ray Cyrus","Some Gave All","","Billy Ray Cyrus","Billy Ray Cyrus","","PREVIEW","https://music.apple.com/assets/artwork/1x1.gif"
"1778081744-76","https://music.apple.com/eg/playlist/200-of-the-greatest-one-hit-wonders/pl.a61de6c089304cb69ff8682ec2de6592","Aserejé (Spanglish Version)","","","3:33","Las Ketchup","Hijas del Tomate","","Las Ketchup","Las Ketchup","","PREVIEW","https://music.apple.com/assets/artwork/1x1.gif"
"1778081744-77","https://music.apple.com/eg/playlist/200-of-the-greatest-one-hit-wonders/pl.a61de6c089304cb69ff8682ec2de6592","","Tribute","Tenacious D","4:08","Tenacious D","Tenacious D","","","Tenacious D","","PREVIEW","https://music.apple.com/assets/artwork/1x1.gif"
"1778081744-78","https://music.apple.com/eg/playlist/200-of-the-greatest-one-hit-wonders/pl.a61de6c089304cb69ff8682ec2de6592","Little Talks","","","4:26","Of Monsters and Men","My Head Is an Animal","","Of Monsters and Men","Of Monsters and Men","","PREVIEW","https://music.apple.com/assets/artwork/1x1.gif"
"1778081744-79","https://music.apple.com/eg/playlist/200-of-the-greatest-one-hit-wonders/pl.a61de6c089304cb69ff8682ec2de6592","Cheerleader (Felix Jaehn Remix) [Radio Edit]","","","3:00","Omi","Me 4 U","","Omi","Omi","","PREVIEW","https://music.apple.com/assets/artwork/1x1.gif"
"1778081744-80","https://music.apple.com/eg/playlist/200-of-the-greatest-one-hit-wonders/pl.a61de6c089304cb69ff8682ec2de6592","Sweet About Me","","","3:22","Gabriella Cilmi","Lessons to Be Learned","","Gabriella Cilmi","Gabriella Cilmi","","PREVIEW","https://music.apple.com/assets/artwork/1x1.gif"
"1778081744-81","https://music.apple.com/eg/playlist/200-of-the-greatest-one-hit-wonders/pl.a61de6c089304cb69ff8682ec2de6592","Semi-Charmed Life","","","4:28","Third Eye Blind","Third Eye Blind","","Third Eye Blind","Third Eye Blind","","PREVIEW","https://music.apple.com/assets/artwork/1x1.gif"
"1778081744-82","https://music.apple.com/eg/playlist/200-of-the-greatest-one-hit-wonders/pl.a61de6c089304cb69ff8682ec2de6592","","Whoomp! There It Is (Radio Edit)","Tag Team","3:45","Tag Team","Whoomp! There It Is (Radio Edit)  - Single","","","Tag Team","","PREVIEW","https://music.apple.com/assets/artwork/1x1.gif"
"1778081744-83","https://music.apple.com/eg/playlist/200-of-the-greatest-one-hit-wonders/pl.a61de6c089304cb69ff8682ec2de6592","Joey","","","4:08","Concrete Blonde","Bloodletting","","Concrete Blonde","Concrete Blonde","","PREVIEW","https://music.apple.com/assets/artwork/1x1.gif"
"1778081744-84","https://music.apple.com/eg/playlist/200-of-the-greatest-one-hit-wonders/pl.a61de6c089304cb69ff8682ec2de6592","The Final Countdown","","","5:10","Europe","The Final Countdown (Expanded Edition)","","Europe","Europe","","PREVIEW","https://music.apple.com/assets/artwork/1x1.gif"
"1778081744-85","https://music.apple.com/eg/playlist/200-of-the-greatest-one-hit-wonders/pl.a61de6c089304cb69ff8682ec2de6592","Kung Fu Fighting","","","3:09","Carl Douglas","Everybody Was Kung Fu Fighting - EP","","Carl Douglas","Carl Douglas","","PREVIEW","https://music.apple.com/assets/artwork/1x1.gif"
"1778081744-86","https://music.apple.com/eg/playlist/200-of-the-greatest-one-hit-wonders/pl.a61de6c089304cb69ff8682ec2de6592","There She Goes","","","2:42","The La's","The La's (Remastered) [Bonus Track Version]","","The La's","The La's","","PREVIEW","https://music.apple.com/assets/artwork/1x1.gif"
"1778081744-87","https://music.apple.com/eg/playlist/200-of-the-greatest-one-hit-wonders/pl.a61de6c089304cb69ff8682ec2de6592","To Be with You","","","3:28","Mr. Big","Lean Into It (30th Anniversary Edition)","","Mr. Big","Mr. Big","","PREVIEW","https://music.apple.com/assets/artwork/1x1.gif"
"1778081744-88","https://music.apple.com/eg/playlist/200-of-the-greatest-one-hit-wonders/pl.a61de6c089304cb69ff8682ec2de6592","One Week","","","2:49","Barenaked Ladies","Stunt (20th Anniversary Edition)","","Barenaked Ladies","Barenaked Ladies","","PREVIEW","https://music.apple.com/assets/artwork/1x1.gif"
"1778081744-89","https://music.apple.com/eg/playlist/200-of-the-greatest-one-hit-wonders/pl.a61de6c089304cb69ff8682ec2de6592","A Thousand Miles","","","3:57","Vanessa Carlton","Be Not Nobody","","Vanessa Carlton","Vanessa Carlton","","PREVIEW","https://music.apple.com/assets/artwork/1x1.gif"
"1778081744-90","https://music.apple.com/eg/playlist/200-of-the-greatest-one-hit-wonders/pl.a61de6c089304cb69ff8682ec2de6592","","Fuck It (I Don't Want You Back)","Eamon","3:45","Eamon","I Don't Want You Back","","","Eamon","","PREVIEW","https://music.apple.com/assets/artwork/1x1.gif"
"1778081744-91","https://music.apple.com/eg/playlist/200-of-the-greatest-one-hit-wonders/pl.a61de6c089304cb69ff8682ec2de6592","Rude","","","3:44","MAGIC!","Don't Kill the Magic","","MAGIC!","MAGIC!","","PREVIEW","https://music.apple.com/assets/artwork/1x1.gif"
"1778081744-92","https://music.apple.com/eg/playlist/200-of-the-greatest-one-hit-wonders/pl.a61de6c089304cb69ff8682ec2de6592","She's So High","","","3:44","Tal Bachman","Tal Bachman","","Tal Bachman","Tal Bachman","","PREVIEW","https://music.apple.com/assets/artwork/1x1.gif"
"1778081744-93","https://music.apple.com/eg/playlist/200-of-the-greatest-one-hit-wonders/pl.a61de6c089304cb69ff8682ec2de6592","Our Lips Are Sealed","","","2:46","The Go-Go's","Beauty and the Beat","","The Go-Go's","The Go-Go's","","PREVIEW","https://music.apple.com/assets/artwork/1x1.gif"
"1778081744-94","https://music.apple.com/eg/playlist/200-of-the-greatest-one-hit-wonders/pl.a61de6c089304cb69ff8682ec2de6592","Walking In Memphis","","","4:12","Marc Cohn","Marc Cohn","","Marc Cohn","Marc Cohn","","PREVIEW","https://music.apple.com/assets/artwork/1x1.gif"
"1778081744-95","https://music.apple.com/eg/playlist/200-of-the-greatest-one-hit-wonders/pl.a61de6c089304cb69ff8682ec2de6592","You Get What You Give","","","5:00","New Radicals","Maybe You've Been Brainwashed Too","","New Radicals","New Radicals","","PREVIEW","https://music.apple.com/assets/artwork/1x1.gif"
"1778081744-96","https://music.apple.com/eg/playlist/200-of-the-greatest-one-hit-wonders/pl.a61de6c089304cb69ff8682ec2de6592","Hey Baby (Uhh Ahh) [Radio Mix]","","","3:39","DJ Ötzi","Hey Baby (Uhh Ahh) - Single","","DJ Ötzi","DJ Ötzi","","PREVIEW","https://music.apple.com/assets/artwork/1x1.gif"
"1778081744-97","https://music.apple.com/eg/playlist/200-of-the-greatest-one-hit-wonders/pl.a61de6c089304cb69ff8682ec2de6592","Bad Day","","","3:53","Daniel Powter","Daniel Powter","","Daniel Powter","Daniel Powter","","PREVIEW","https://music.apple.com/assets/artwork/1x1.gif"
"1778081744-98","https://music.apple.com/eg/playlist/200-of-the-greatest-one-hit-wonders/pl.a61de6c089304cb69ff8682ec2de6592","Ho Hey","","","2:43","The Lumineers","The Lumineers (Deluxe Edition)","","The Lumineers","The Lumineers","","PREVIEW","https://music.apple.com/assets/artwork/1x1.gif"
"1778081744-99","https://music.apple.com/eg/playlist/200-of-the-greatest-one-hit-wonders/pl.a61de6c089304cb69ff8682ec2de6592","Dirty Talk","","","3:17","Wynter Gordon","With the Music I Die (Deluxe Version)","","Wynter Gordon","Wynter Gordon","","PREVIEW","https://music.apple.com/assets/artwork/1x1.gif"
"1778081744-100","https://music.apple.com/eg/playlist/200-of-the-greatest-one-hit-wonders/pl.a61de6c089304cb69ff8682ec2de6592","Starlight","","","6:02","The Supermen Lovers","The Player","Mani Hoffman","The Supermen Lovers, Mani Hoffman","The Supermen Lovers, Mani Hoffman","Mani Hoffman","PREVIEW","https://music.apple.com/assets/artwork/1x1.gif"
"1778081744-101","https://music.apple.com/eg/playlist/200-of-the-greatest-one-hit-wonders/pl.a61de6c089304cb69ff8682ec2de6592","Buses and Trains (Radio Edit)","","","3:41","Bachelor Girl","Waiting For The Day","","Bachelor Girl","Bachelor Girl","","PREVIEW","https://music.apple.com/assets/artwork/1x1.gif"
"1778081744-102","https://music.apple.com/eg/playlist/200-of-the-greatest-one-hit-wonders/pl.a61de6c089304cb69ff8682ec2de6592","If You Could Only See","","","4:21","Tonic","Lemon Parade","","Tonic","Tonic","","PREVIEW","https://music.apple.com/assets/artwork/1x1.gif"
"1778081744-103","https://music.apple.com/eg/playlist/200-of-the-greatest-one-hit-wonders/pl.a61de6c089304cb69ff8682ec2de6592","Good Vibrations (feat. Loleatta Holloway)","","","4:29","Marky Mark and the Funky Bunch","Music for the People","Loleatta Holloway","Marky Mark and the Funky Bunch, Loleatta Holloway","Marky Mark and the Funky Bunch, Loleatta Holloway","Loleatta Holloway","PREVIEW","https://music.apple.com/assets/artwork/1x1.gif"
"1778081744-104","https://music.apple.com/eg/playlist/200-of-the-greatest-one-hit-wonders/pl.a61de6c089304cb69ff8682ec2de6592","I Ran (So Far Away) [2023 Remaster]","","","5:07","A Flock of Seagulls","A Flock of Seagulls (Deluxe)","","A Flock of Seagulls","A Flock of Seagulls","","PREVIEW","https://music.apple.com/assets/artwork/1x1.gif"
"1778081744-105","https://music.apple.com/eg/playlist/200-of-the-greatest-one-hit-wonders/pl.a61de6c089304cb69ff8682ec2de6592","Jump","","","3:15","Kris Kross","Totally Krossed Out","","Kris Kross","Kris Kross","","PREVIEW","https://music.apple.com/assets/artwork/1x1.gif"
"1778081744-106","https://music.apple.com/eg/playlist/200-of-the-greatest-one-hit-wonders/pl.a61de6c089304cb69ff8682ec2de6592","Macarena (Bayside Boys Remix)","","","4:12","Los del Río","Fiesta Macarena","","Los del Río","Los del Río","","PREVIEW","https://music.apple.com/assets/artwork/1x1.gif"
"1778081744-107","https://music.apple.com/eg/playlist/200-of-the-greatest-one-hit-wonders/pl.a61de6c089304cb69ff8682ec2de6592","The Reason","","","3:52","Hoobastank","The Reason (20th Anniversary)","","Hoobastank","Hoobastank","","PREVIEW","https://music.apple.com/assets/artwork/1x1.gif"
"1778081744-108","https://music.apple.com/eg/playlist/200-of-the-greatest-one-hit-wonders/pl.a61de6c089304cb69ff8682ec2de6592","I Like The Way (Radio Edit)","","","3:20","Bodyrockers","Bodyrockers","","Bodyrockers","Bodyrockers","","PREVIEW","https://music.apple.com/assets/artwork/1x1.gif"
"1778081744-109","https://music.apple.com/eg/playlist/200-of-the-greatest-one-hit-wonders/pl.a61de6c089304cb69ff8682ec2de6592","","Panda","Desiigner","4:06","Desiigner","New English","","","Desiigner","","PREVIEW","https://music.apple.com/assets/artwork/1x1.gif"
"1778081744-110","https://music.apple.com/eg/playlist/200-of-the-greatest-one-hit-wonders/pl.a61de6c089304cb69ff8682ec2de6592","California (Tchad Blake Mix)","","","3:13","Phantom Planet","The Guest (Expanded Edition)","","Phantom Planet","Phantom Planet","","PREVIEW","https://music.apple.com/assets/artwork/1x1.gif"
"1778081744-111","https://music.apple.com/eg/playlist/200-of-the-greatest-one-hit-wonders/pl.a61de6c089304cb69ff8682ec2de6592","Lovefool","","","3:13","The Cardigans","First Band On The Moon (Remastered)","","The Cardigans","The Cardigans","","PREVIEW","https://music.apple.com/assets/artwork/1x1.gif"
"1778081744-112","https://music.apple.com/eg/playlist/200-of-the-greatest-one-hit-wonders/pl.a61de6c089304cb69ff8682ec2de6592","More Than Words","","","5:34","EXTREME","Extreme II: Pornograffitti (Deluxe)","","EXTREME","EXTREME","","PREVIEW","https://music.apple.com/assets/artwork/1x1.gif"
"1778081744-113","https://music.apple.com/eg/playlist/200-of-the-greatest-one-hit-wonders/pl.a61de6c089304cb69ff8682ec2de6592","Teardrops","","","5:03","Womack & Womack","Conscience","","Womack & Womack","Womack & Womack","","PREVIEW","https://music.apple.com/assets/artwork/1x1.gif"
"1778081744-114","https://music.apple.com/eg/playlist/200-of-the-greatest-one-hit-wonders/pl.a61de6c089304cb69ff8682ec2de6592","You Spin Me 'Round (Like a Record)","","","3:19","Dead or Alive","Youthquake (Bonus Track Version)","","Dead or Alive","Dead or Alive","","PREVIEW","https://music.apple.com/assets/artwork/1x1.gif"
"1778081744-115","https://music.apple.com/eg/playlist/200-of-the-greatest-one-hit-wonders/pl.a61de6c089304cb69ff8682ec2de6592","Breakfast At Tiffany's","","","4:17","Deep Blue Something","Home","","Deep Blue Something","Deep Blue Something","","PREVIEW","https://music.apple.com/assets/artwork/1x1.gif"
"1778081744-116","https://music.apple.com/eg/playlist/200-of-the-greatest-one-hit-wonders/pl.a61de6c089304cb69ff8682ec2de6592","Suga Suga","","","3:59","Baby Bash","Tha Smokin' Nephew","","Baby Bash","Baby Bash","","PREVIEW","https://music.apple.com/assets/artwork/1x1.gif"
"1778081744-117","https://music.apple.com/eg/playlist/200-of-the-greatest-one-hit-wonders/pl.a61de6c089304cb69ff8682ec2de6592","Suddenly I See","","","3:21","KT Tunstall","Eye to the Telescope","","KT Tunstall","KT Tunstall","","PREVIEW","https://music.apple.com/assets/artwork/1x1.gif"
"1778081744-118","https://music.apple.com/eg/playlist/200-of-the-greatest-one-hit-wonders/pl.a61de6c089304cb69ff8682ec2de6592","Harlem Shake","","","3:16","Baauer","Harlem Shake - Single","","Baauer","Baauer","","PREVIEW","https://music.apple.com/assets/artwork/1x1.gif"
"1778081744-119","https://music.apple.com/eg/playlist/200-of-the-greatest-one-hit-wonders/pl.a61de6c089304cb69ff8682ec2de6592","Hanging By a Moment","","","3:36","Lifehouse","No Name Face (U.K. Version)","","Lifehouse","Lifehouse","","PREVIEW","https://music.apple.com/assets/artwork/1x1.gif"
"1778081744-120","https://music.apple.com/eg/playlist/200-of-the-greatest-one-hit-wonders/pl.a61de6c089304cb69ff8682ec2de6592","Crush","","","3:20","Jennifer Paige","Jennifer Paige","","Jennifer Paige","Jennifer Paige","","PREVIEW","https://music.apple.com/assets/artwork/1x1.gif"
"1778081744-121","https://music.apple.com/eg/playlist/200-of-the-greatest-one-hit-wonders/pl.a61de6c089304cb69ff8682ec2de6592","Baby, I Love Your Way","","","4:09","Big Mountain","Unity","","Big Mountain","Big Mountain","","PREVIEW","https://music.apple.com/assets/artwork/1x1.gif"
"1778081744-122","https://music.apple.com/eg/playlist/200-of-the-greatest-one-hit-wonders/pl.a61de6c089304cb69ff8682ec2de6592","The Safety Dance","","","2:44","Men Without Hats","The Safety Dance","","Men Without Hats","Men Without Hats","","PREVIEW","https://music.apple.com/assets/artwork/1x1.gif"
"1778081744-123","https://music.apple.com/eg/playlist/200-of-the-greatest-one-hit-wonders/pl.a61de6c089304cb69ff8682ec2de6592","Finally","","","4:05","CeCe Peniston","Finally","","CeCe Peniston","CeCe Peniston","","PREVIEW","https://music.apple.com/assets/artwork/1x1.gif"
"1778081744-124","https://music.apple.com/eg/playlist/200-of-the-greatest-one-hit-wonders/pl.a61de6c089304cb69ff8682ec2de6592","Closing Time","","","4:33","Semisonic","Feeling Strangely Fine (20th Anniversary Edition)","","Semisonic","Semisonic","","PREVIEW","https://music.apple.com/assets/artwork/1x1.gif"
"1778081744-125","https://music.apple.com/eg/playlist/200-of-the-greatest-one-hit-wonders/pl.a61de6c089304cb69ff8682ec2de6592","No Air","","","4:24","Jordin Sparks","Jordin Sparks (Deluxe Version)","","Jordin Sparks","Jordin Sparks","","PREVIEW","https://music.apple.com/assets/artwork/1x1.gif"
"1778081744-126","https://music.apple.com/eg/playlist/200-of-the-greatest-one-hit-wonders/pl.a61de6c089304cb69ff8682ec2de6592","Move Your Feet","","","3:01","Junior Senior","D-D-Don't Don't Stop the Beat","","Junior Senior","Junior Senior","","PREVIEW","https://music.apple.com/assets/artwork/1x1.gif"
"1778081744-127","https://music.apple.com/eg/playlist/200-of-the-greatest-one-hit-wonders/pl.a61de6c089304cb69ff8682ec2de6592","Remember Me (Sure Is Pure 7 Inch Edit)","","","3:48","Blue Boy","Remember Me","","Blue Boy","Blue Boy","","PREVIEW","https://music.apple.com/assets/artwork/1x1.gif"
"1778081744-128","https://music.apple.com/eg/playlist/200-of-the-greatest-one-hit-wonders/pl.a61de6c089304cb69ff8682ec2de6592","The Key, the Secret","","","3:42","Urban Cookie Collective","The Very Best Of (Bonus Track Version)","","Urban Cookie Collective","Urban Cookie Collective","","PREVIEW","https://music.apple.com/assets/artwork/1x1.gif"
"1778081744-129","https://music.apple.com/eg/playlist/200-of-the-greatest-one-hit-wonders/pl.a61de6c089304cb69ff8682ec2de6592","Turning Japanese (Non Stop Edit)","","","3:44","The Vapors","New Clear Days","","The Vapors","The Vapors","","PREVIEW","https://music.apple.com/assets/artwork/1x1.gif"
"1778081744-130","https://music.apple.com/eg/playlist/200-of-the-greatest-one-hit-wonders/pl.a61de6c089304cb69ff8682ec2de6592","Mistadobalina","","","4:20","Del the Funky Homosapien","The Best of Del! tha Funkee Homosapien: The Elektra Years: B-Boy Handbook","","Del the Funky Homosapien","Del the Funky Homosapien","","PREVIEW","https://music.apple.com/assets/artwork/1x1.gif"
"1778081744-131","https://music.apple.com/eg/playlist/200-of-the-greatest-one-hit-wonders/pl.a61de6c089304cb69ff8682ec2de6592","The Impression That I Get","","","3:15","The Mighty Mighty Bosstones","Let’s Face It","","The Mighty Mighty Bosstones","The Mighty Mighty Bosstones","","PREVIEW","https://music.apple.com/assets/artwork/1x1.gif"
"1778081744-132","https://music.apple.com/eg/playlist/200-of-the-greatest-one-hit-wonders/pl.a61de6c089304cb69ff8682ec2de6592","","Because I Got High","Afroman","3:17","Afroman","The Good Times","","","Afroman","","PREVIEW","https://music.apple.com/assets/artwork/1x1.gif"
"1778081744-133","https://music.apple.com/eg/playlist/200-of-the-greatest-one-hit-wonders/pl.a61de6c089304cb69ff8682ec2de6592","Shackles (Praise You)","","","3:18","Mary Mary","Shackles (Praise You) [Remixes] - EP","","Mary Mary","Mary Mary","","PREVIEW","https://music.apple.com/assets/artwork/1x1.gif"
"1778081744-134","https://music.apple.com/eg/playlist/200-of-the-greatest-one-hit-wonders/pl.a61de6c089304cb69ff8682ec2de6592","Hey Leonardo (She Likes Me for Me)","","","3:28","Blessid Union of Souls","Walking Off the Buzz","","Blessid Union of Souls","Blessid Union of Souls","","PREVIEW","https://music.apple.com/assets/artwork/1x1.gif"
"1778081744-135","https://music.apple.com/eg/playlist/200-of-the-greatest-one-hit-wonders/pl.a61de6c089304cb69ff8682ec2de6592","Mr. Vain","","","5:36","Culture Beat","Serenity","","Culture Beat","Culture Beat","","PREVIEW","https://music.apple.com/assets/artwork/1x1.gif"
"1778081744-136","https://music.apple.com/eg/playlist/200-of-the-greatest-one-hit-wonders/pl.a61de6c089304cb69ff8682ec2de6592","It's Raining Men","","","5:26","The Weather Girls","Super Hits","","The Weather Girls","The Weather Girls","","PREVIEW","https://music.apple.com/assets/artwork/1x1.gif"
"1778081744-137","https://music.apple.com/eg/playlist/200-of-the-greatest-one-hit-wonders/pl.a61de6c089304cb69ff8682ec2de6592","Would I Lie To You?","","","4:39","Charles & Eddie","Duophonic","","Charles & Eddie","Charles & Eddie","","PREVIEW","https://music.apple.com/assets/artwork/1x1.gif"
"1778081744-138","https://music.apple.com/eg/playlist/200-of-the-greatest-one-hit-wonders/pl.a61de6c089304cb69ff8682ec2de6592","Brimful of Asha (The Norman Cook Remix) [Single Version]","","","4:03","Cornershop","Brimful of Asha - EP","","Cornershop","Cornershop","","PREVIEW","https://music.apple.com/assets/artwork/1x1.gif"
"1778081744-139","https://music.apple.com/eg/playlist/200-of-the-greatest-one-hit-wonders/pl.a61de6c089304cb69ff8682ec2de6592","Superman (It's Not Easy) [Acoustic Version]","","","3:42","Five for Fighting","The Battle for Everything","","Five for Fighting","Five for Fighting","","PREVIEW","https://music.apple.com/assets/artwork/1x1.gif"
"1778081744-140","https://music.apple.com/eg/playlist/200-of-the-greatest-one-hit-wonders/pl.a61de6c089304cb69ff8682ec2de6592","","Lovesong","Amiel","3:29","Amiel","Audio Out","","","Amiel","","PREVIEW","https://music.apple.com/assets/artwork/1x1.gif"
"1778081744-141","https://music.apple.com/eg/playlist/200-of-the-greatest-one-hit-wonders/pl.a61de6c089304cb69ff8682ec2de6592","Say Something","","","3:49","A Great Big World","Is There Anybody Out There?","Christina Aguilera","A Great Big World, Christina Aguilera","A Great Big World, Christina Aguilera","Christina Aguilera","PREVIEW","https://music.apple.com/assets/artwork/1x1.gif"
"1778081744-142","https://music.apple.com/eg/playlist/200-of-the-greatest-one-hit-wonders/pl.a61de6c089304cb69ff8682ec2de6592","I Try","","","3:59","Macy Gray","On How Life Is","","Macy Gray","Macy Gray","","PREVIEW","https://music.apple.com/assets/artwork/1x1.gif"
"1778081744-143","https://music.apple.com/eg/playlist/200-of-the-greatest-one-hit-wonders/pl.a61de6c089304cb69ff8682ec2de6592","Bitch","","","4:12","Meredith Brooks","Blurring the Edges","","Meredith Brooks","Meredith Brooks","","PREVIEW","https://music.apple.com/assets/artwork/1x1.gif"
"1778081744-144","https://music.apple.com/eg/playlist/200-of-the-greatest-one-hit-wonders/pl.a61de6c089304cb69ff8682ec2de6592","I Want Candy","","","2:43","Bow Wow Wow","Aphrodisiac - Best Of","","Bow Wow Wow","Bow Wow Wow","","PREVIEW","https://music.apple.com/assets/artwork/1x1.gif"
"1778081744-145","https://music.apple.com/eg/playlist/200-of-the-greatest-one-hit-wonders/pl.a61de6c089304cb69ff8682ec2de6592","Born to Be Alive (Mix 79)","","","3:08","Patrick Hernandez","Born to Be Alive (Mix 79) - Single","","Patrick Hernandez","Patrick Hernandez","","PREVIEW","https://music.apple.com/assets/artwork/1x1.gif"
"1778081744-146","https://music.apple.com/eg/playlist/200-of-the-greatest-one-hit-wonders/pl.a61de6c089304cb69ff8682ec2de6592","Tequila","","","4:03","A.L.T. & The Lost Civilization","Another Latin Timebomb","","A.L.T. & The Lost Civilization","A.L.T. & The Lost Civilization","","PREVIEW","https://music.apple.com/assets/artwork/1x1.gif"
"1778081744-147","https://music.apple.com/eg/playlist/200-of-the-greatest-one-hit-wonders/pl.a61de6c089304cb69ff8682ec2de6592","Your Woman","","","4:19","White Town","Women in Technology","","White Town","White Town","","PREVIEW","https://music.apple.com/assets/artwork/1x1.gif"
"1778081744-148","https://music.apple.com/eg/playlist/200-of-the-greatest-one-hit-wonders/pl.a61de6c089304cb69ff8682ec2de6592","Who Let the Dogs Out","","","3:18","Baha Men","Who Let the Dogs Out","","Baha Men","Baha Men","","PREVIEW","https://music.apple.com/assets/artwork/1x1.gif"
"1778081744-149","https://music.apple.com/eg/playlist/200-of-the-greatest-one-hit-wonders/pl.a61de6c089304cb69ff8682ec2de6592","","Tipsy (Club Mix)","J-Kwon","4:07","J-Kwon","Tipsy - EP","","","J-Kwon","","PREVIEW","https://music.apple.com/assets/artwork/1x1.gif"
"1778081744-150","https://music.apple.com/eg/playlist/200-of-the-greatest-one-hit-wonders/pl.a61de6c089304cb69ff8682ec2de6592","Bubbly","","","3:16","Colbie Caillat","Coco (UK bonus tracks)","","Colbie Caillat","Colbie Caillat","","PREVIEW","https://music.apple.com/assets/artwork/1x1.gif"
"1778081744-151","https://music.apple.com/eg/playlist/200-of-the-greatest-one-hit-wonders/pl.a61de6c089304cb69ff8682ec2de6592","Best Day of My Life","","","3:14","American Authors","Oh, What a Life","","American Authors","American Authors","","PREVIEW","https://music.apple.com/assets/artwork/1x1.gif"
"1778081744-152","https://music.apple.com/eg/playlist/200-of-the-greatest-one-hit-wonders/pl.a61de6c089304cb69ff8682ec2de6592","1 Thing","","","3:58","Amerie","Touch","","Amerie","Amerie","","PREVIEW","https://music.apple.com/assets/artwork/1x1.gif"
"1778081744-153","https://music.apple.com/eg/playlist/200-of-the-greatest-one-hit-wonders/pl.a61de6c089304cb69ff8682ec2de6592","Better Off Alone","","","3:34","Alice Deejay","Who Needs Guitars Anyway?","","Alice Deejay","Alice Deejay","","PREVIEW","https://music.apple.com/assets/artwork/1x1.gif"
"1778081744-154","https://music.apple.com/eg/playlist/200-of-the-greatest-one-hit-wonders/pl.a61de6c089304cb69ff8682ec2de6592","","What Would You Do?","City High","2:55","City High","20 #1's: Modern Hip-Hop","","","City High","","PREVIEW","https://music.apple.com/assets/artwork/1x1.gif"
"1778081744-155","https://music.apple.com/eg/playlist/200-of-the-greatest-one-hit-wonders/pl.a61de6c089304cb69ff8682ec2de6592","Maniac","","","4:04","Michael Sembello","Flashdance (Original Soundtrack from the Motion Picture)","","Michael Sembello","Michael Sembello","","PREVIEW","https://music.apple.com/assets/artwork/1x1.gif"
"1778081744-156","https://music.apple.com/eg/playlist/200-of-the-greatest-one-hit-wonders/pl.a61de6c089304cb69ff8682ec2de6592","The Right Kind of Love","","","4:33","Jeremy Jordan","Try My Love","","Jeremy Jordan","Jeremy Jordan","","PREVIEW","https://music.apple.com/assets/artwork/1x1.gif"
"1778081744-157","https://music.apple.com/eg/playlist/200-of-the-greatest-one-hit-wonders/pl.a61de6c089304cb69ff8682ec2de6592","Ooh Aah...Just a Little Bit (Motiv8 Radio Edit)","","","3:23","Gina G.","Fresh","","Gina G.","Gina G.","","PREVIEW","https://music.apple.com/assets/artwork/1x1.gif"
"1778081744-158","https://music.apple.com/eg/playlist/200-of-the-greatest-one-hit-wonders/pl.a61de6c089304cb69ff8682ec2de6592","","Thong Song","Sisqó","4:13","Sisqó","Unleash The Dragon","","","Sisqó","","PREVIEW","https://music.apple.com/assets/artwork/1x1.gif"
"1778081744-159","https://music.apple.com/eg/playlist/200-of-the-greatest-one-hit-wonders/pl.a61de6c089304cb69ff8682ec2de6592","Mad World","","","3:09","Michael Andrews","Trading Snakeoil for Wolftickets","Gary Jules","Michael Andrews, Gary Jules","Michael Andrews, Gary Jules","Gary Jules","PREVIEW","https://music.apple.com/assets/artwork/1x1.gif"
"1778081744-160","https://music.apple.com/eg/playlist/200-of-the-greatest-one-hit-wonders/pl.a61de6c089304cb69ff8682ec2de6592","Beautiful Girls","","","4:01","Sean Kingston","Sean Kingston","","Sean Kingston","Sean Kingston","","PREVIEW","https://music.apple.com/assets/artwork/1x1.gif"
"1778081744-161","https://music.apple.com/eg/playlist/200-of-the-greatest-one-hit-wonders/pl.a61de6c089304cb69ff8682ec2de6592","Even When I'm Sleeping","","","3:54","Leonardo's Bride","Angel Blood","","Leonardo's Bride","Leonardo's Bride","","PREVIEW","https://music.apple.com/assets/artwork/1x1.gif"
"1778081744-162","https://music.apple.com/eg/playlist/200-of-the-greatest-one-hit-wonders/pl.a61de6c089304cb69ff8682ec2de6592","I've Been Thinking About You","","","3:48","Londonbeat","The Very Best of Londonbeat","","Londonbeat","Londonbeat","","PREVIEW","https://music.apple.com/assets/artwork/1x1.gif"
"1778081744-163","https://music.apple.com/eg/playlist/200-of-the-greatest-one-hit-wonders/pl.a61de6c089304cb69ff8682ec2de6592","Counting the Beat","","","3:04","The Swingers","Counting the Beat","","The Swingers","The Swingers","","PREVIEW","https://music.apple.com/assets/artwork/1x1.gif"
"1778081744-164","https://music.apple.com/eg/playlist/200-of-the-greatest-one-hit-wonders/pl.a61de6c089304cb69ff8682ec2de6592","Informer","","","4:28","Snow","12 Inches of Snow","","Snow","Snow","","PREVIEW","https://music.apple.com/assets/artwork/1x1.gif"
"1778081744-165","https://music.apple.com/eg/playlist/200-of-the-greatest-one-hit-wonders/pl.a61de6c089304cb69ff8682ec2de6592","One of Us","","","5:20","Joan Osborne","Relish","","Joan Osborne","Joan Osborne","","PREVIEW","https://music.apple.com/assets/artwork/1x1.gif"
"1778081744-166","https://music.apple.com/eg/playlist/200-of-the-greatest-one-hit-wonders/pl.a61de6c089304cb69ff8682ec2de6592","Just the Thing (feat. Peta Morris)","","","3:58","Paul Mac","3000 Feet High","","Paul Mac","Paul Mac","","PREVIEW","https://music.apple.com/assets/artwork/1x1.gif"
"1778081744-167","https://music.apple.com/eg/playlist/200-of-the-greatest-one-hit-wonders/pl.a61de6c089304cb69ff8682ec2de6592","","Ridin' (feat. Krayzie Bone)","Chamillionaire","5:03","Chamillionaire","The Sound of Revenge","","","Chamillionaire","","PREVIEW","https://music.apple.com/assets/artwork/1x1.gif"
"1778081744-168","https://music.apple.com/eg/playlist/200-of-the-greatest-one-hit-wonders/pl.a61de6c089304cb69ff8682ec2de6592","Butterfly","","","3:36","Crazy Town","The Gift of Game","","Crazy Town","Crazy Town","","PREVIEW","https://music.apple.com/assets/artwork/1x1.gif"
"1778081744-169","https://music.apple.com/eg/playlist/200-of-the-greatest-one-hit-wonders/pl.a61de6c089304cb69ff8682ec2de6592","Freak Me","","","4:34","Silk","Lose Control","","Silk","Silk","","PREVIEW","https://music.apple.com/assets/artwork/1x1.gif"
"1778081744-170","https://music.apple.com/eg/playlist/200-of-the-greatest-one-hit-wonders/pl.a61de6c089304cb69ff8682ec2de6592","Take My Breath Away (Love Theme from ""Top Gun"")","","","4:15","Berlin","Top Gun (Original Motion Picture Soundtrack) [Special Expanded Edition]","","Berlin","Berlin","","PREVIEW","https://music.apple.com/assets/artwork/1x1.gif"
"1778081744-171","https://music.apple.com/eg/playlist/200-of-the-greatest-one-hit-wonders/pl.a61de6c089304cb69ff8682ec2de6592","Boom Boom","","","6:56","Paul Lekakis","Boom Boom - Single","","Paul Lekakis","Paul Lekakis","","PREVIEW","https://music.apple.com/assets/artwork/1x1.gif"
"1778081744-172","https://music.apple.com/eg/playlist/200-of-the-greatest-one-hit-wonders/pl.a61de6c089304cb69ff8682ec2de6592","Wild Wild West","","","4:04","The Escape Club","Wild Wild West","","The Escape Club","The Escape Club","","PREVIEW","https://music.apple.com/assets/artwork/1x1.gif"
"1778081744-173","https://music.apple.com/eg/playlist/200-of-the-greatest-one-hit-wonders/pl.a61de6c089304cb69ff8682ec2de6592","Runaway Train (2022 Remaster)","","","4:26","Soul Asylum","Grave Dancers Union (2022 Remaster)","","Soul Asylum","Soul Asylum","","PREVIEW","https://music.apple.com/assets/artwork/1x1.gif"
"1778081744-174","https://music.apple.com/eg/playlist/200-of-the-greatest-one-hit-wonders/pl.a61de6c089304cb69ff8682ec2de6592","High","","","5:08","Lighthouse Family","Postcards from Heaven","","Lighthouse Family","Lighthouse Family","","PREVIEW","https://music.apple.com/assets/artwork/1x1.gif"
"1778081744-175","https://music.apple.com/eg/playlist/200-of-the-greatest-one-hit-wonders/pl.a61de6c089304cb69ff8682ec2de6592","Young Folks","","","4:36","Peter Bjorn and John","Writer's Block","","Peter Bjorn and John","Peter Bjorn and John","","PREVIEW","https://music.apple.com/assets/artwork/1x1.gif"
"1778081744-176","https://music.apple.com/eg/playlist/200-of-the-greatest-one-hit-wonders/pl.a61de6c089304cb69ff8682ec2de6592","The Bomb! (These Sounds Fall Into My Mind) [Radio Edit]","","","3:22","The Bucketheads","The Bomb! (These Sounds Fall Into My Mind) [The Remixes]","","The Bucketheads","The Bucketheads","","PREVIEW","https://music.apple.com/assets/artwork/1x1.gif"
"1778081744-177","https://music.apple.com/eg/playlist/200-of-the-greatest-one-hit-wonders/pl.a61de6c089304cb69ff8682ec2de6592","Show Me Love","","","4:29","Robin S.","Show Me Love","","Robin S.","Robin S.","","PREVIEW","https://music.apple.com/assets/artwork/1x1.gif"
"1778081744-178","https://music.apple.com/eg/playlist/200-of-the-greatest-one-hit-wonders/pl.a61de6c089304cb69ff8682ec2de6592","Stop","","","4:55","Sam Brown","Stop!","","Sam Brown","Sam Brown","","PREVIEW","https://music.apple.com/assets/artwork/1x1.gif"
"1778081744-179","https://music.apple.com/eg/playlist/200-of-the-greatest-one-hit-wonders/pl.a61de6c089304cb69ff8682ec2de6592","Respectable","","","3:22","Mel & Kim","F.L.M. (Deluxe Edition)","","Mel & Kim","Mel & Kim","","PREVIEW","https://music.apple.com/assets/artwork/1x1.gif"
"1778081744-180","https://music.apple.com/eg/playlist/200-of-the-greatest-one-hit-wonders/pl.a61de6c089304cb69ff8682ec2de6592","The NeverEnding Story","","","3:30","Limahl","The NeverEnding Story (Original Motion Picture Soundtrack)","","Limahl","Limahl","","PREVIEW","https://music.apple.com/assets/artwork/1x1.gif"
"1778081744-181","https://music.apple.com/eg/playlist/200-of-the-greatest-one-hit-wonders/pl.a61de6c089304cb69ff8682ec2de6592","Crying In the Chapel","","","3:42","Peter Blakeley","Harry's Cafe de Wheels","","Peter Blakeley","Peter Blakeley","","PREVIEW","https://music.apple.com/assets/artwork/1x1.gif"
"1778081744-182","https://music.apple.com/eg/playlist/200-of-the-greatest-one-hit-wonders/pl.a61de6c089304cb69ff8682ec2de6592","Mmm Mmm Mmm Mmm","","","3:55","Crash Test Dummies","God Shuffled His Feet","","Crash Test Dummies","Crash Test Dummies","","PREVIEW","https://music.apple.com/assets/artwork/1x1.gif"
"1778081744-183","https://music.apple.com/eg/playlist/200-of-the-greatest-one-hit-wonders/pl.a61de6c089304cb69ff8682ec2de6592","How Do You Talk to an Angel","","","3:47","The Heights","The Heights","","The Heights","The Heights","","PREVIEW","https://music.apple.com/assets/artwork/1x1.gif"
"1778081744-184","https://music.apple.com/eg/playlist/200-of-the-greatest-one-hit-wonders/pl.a61de6c089304cb69ff8682ec2de6592","Sucker DJ (Radio Edit)","","","3:43","Dimples D.","Sucker DJ - EP","","Dimples D.","Dimples D.","","PREVIEW","https://music.apple.com/assets/artwork/1x1.gif"
"1778081744-185","https://music.apple.com/eg/playlist/200-of-the-greatest-one-hit-wonders/pl.a61de6c089304cb69ff8682ec2de6592","The Only Way Is Up","","","4:28","Yazz","Wanted","","Yazz","Yazz","","PREVIEW","https://music.apple.com/assets/artwork/1x1.gif"
"1778081744-186","https://music.apple.com/eg/playlist/200-of-the-greatest-one-hit-wonders/pl.a61de6c089304cb69ff8682ec2de6592","Laid","","","2:36","James","Laid (Remastered)","","James","James","","PREVIEW","https://music.apple.com/assets/artwork/1x1.gif"
"1778081744-187","https://music.apple.com/eg/playlist/200-of-the-greatest-one-hit-wonders/pl.a61de6c089304cb69ff8682ec2de6592","Stay (I Missed You)","","","3:04","Lisa Loeb","Stay (I Missed You) - Single","","Lisa Loeb","Lisa Loeb","","PREVIEW","https://music.apple.com/assets/artwork/1x1.gif"
"1778081744-188","https://music.apple.com/eg/playlist/200-of-the-greatest-one-hit-wonders/pl.a61de6c089304cb69ff8682ec2de6592","Teenager of the Year","","","4:29","Lotel","Planet of the Stereos","","Lotel","Lotel","","PREVIEW","https://music.apple.com/assets/artwork/1x1.gif"
"1778081744-189","https://music.apple.com/eg/playlist/200-of-the-greatest-one-hit-wonders/pl.a61de6c089304cb69ff8682ec2de6592","9 PM - Till I Come (Radio Edit)","","","3:19","ATB","9 PM (Till I Come)","","ATB","ATB","","PREVIEW","https://music.apple.com/assets/artwork/1x1.gif"
"1778081744-190","https://music.apple.com/eg/playlist/200-of-the-greatest-one-hit-wonders/pl.a61de6c089304cb69ff8682ec2de6592","Apple Eyes","","","3:26","Swoop","The Woxo Principal","","Swoop","Swoop","","PREVIEW","https://music.apple.com/assets/artwork/1x1.gif"
"1778081744-191","https://music.apple.com/eg/playlist/200-of-the-greatest-one-hit-wonders/pl.a61de6c089304cb69ff8682ec2de6592","I Swear","","","4:19","All-4-One","All-4-One","","All-4-One","All-4-One","","PREVIEW","https://music.apple.com/assets/artwork/1x1.gif"
"1778081744-192","https://music.apple.com/eg/playlist/200-of-the-greatest-one-hit-wonders/pl.a61de6c089304cb69ff8682ec2de6592","Perfect","","","3:36","Fairground Attraction","The First of a Million Kisses","","Fairground Attraction","Fairground Attraction","","PREVIEW","https://music.apple.com/assets/artwork/1x1.gif"
"1778081744-193","https://music.apple.com/eg/playlist/200-of-the-greatest-one-hit-wonders/pl.a61de6c089304cb69ff8682ec2de6592","U Sure Do (Strike 7"" Mix)","","","3:49","Strike","U Sure Do","","Strike","Strike","","PREVIEW","https://music.apple.com/assets/artwork/1x1.gif"
"1778081744-194","https://music.apple.com/eg/playlist/200-of-the-greatest-one-hit-wonders/pl.a61de6c089304cb69ff8682ec2de6592","Sex & Candy","","","2:53","Marcy Playground","Marcy Playground","","Marcy Playground","Marcy Playground","","PREVIEW","https://music.apple.com/assets/artwork/1x1.gif"
"1778081744-195","https://music.apple.com/eg/playlist/200-of-the-greatest-one-hit-wonders/pl.a61de6c089304cb69ff8682ec2de6592","","Rip It Up","28 Days","3:39","28 Days","Up Style Down","","","28 Days","","PREVIEW","https://music.apple.com/assets/artwork/1x1.gif"
"1778081744-196","https://music.apple.com/eg/playlist/200-of-the-greatest-one-hit-wonders/pl.a61de6c089304cb69ff8682ec2de6592","Cry","","","4:13","The Mavis's","Pink Pills","","The Mavis's","The Mavis's","","PREVIEW","https://music.apple.com/assets/artwork/1x1.gif"
"1778081744-197","https://music.apple.com/eg/playlist/200-of-the-greatest-one-hit-wonders/pl.a61de6c089304cb69ff8682ec2de6592","One Night in Bangkok","","","3:56","Murray Head","Emotions (My Favourite Songs)","","Murray Head","Murray Head","","PREVIEW","https://music.apple.com/assets/artwork/1x1.gif"
"1778081744-198","https://music.apple.com/eg/playlist/200-of-the-greatest-one-hit-wonders/pl.a61de6c089304cb69ff8682ec2de6592","The Way","","","4:17","Fastball","All the Pain Money Can Buy","","Fastball","Fastball","","PREVIEW","https://music.apple.com/assets/artwork/1x1.gif"
"1778081744-199","https://music.apple.com/eg/playlist/200-of-the-greatest-one-hit-wonders/pl.a61de6c089304cb69ff8682ec2de6592","","Too Close","Next","4:19","Next","Rated Next","","","Next","","PREVIEW","https://music.apple.com/assets/artwork/1x1.gif"
"1778081744-200","https://music.apple.com/eg/playlist/200-of-the-greatest-one-hit-wonders/pl.a61de6c089304cb69ff8682ec2de6592","Crying At the Discoteque","","","3:52","Alcazar","Dancefloor Deluxe","","Alcazar","Alcazar","","PREVIEW","https://music.apple.com/assets/artwork/1x1.gif"
